case_id,task,task_name,stratum,seed,env_seed,policy_seed,horizon,task_index,seed_index
fresh-00-00,ArrangeBreadBasket,ArrangeBreadBasket,composite_unseen,1986100900,1986100900,1986100900,4350,0,0
fresh-00-01,ArrangeBreadBasket,ArrangeBreadBasket,composite_unseen,1986100901,1986100901,1986100901,4350,0,1
fresh-00-02,ArrangeBreadBasket,ArrangeBreadBasket,composite_unseen,1986100902,1986100902,1986100902,4350,0,2
fresh-00-03,ArrangeBreadBasket,ArrangeBreadBasket,composite_unseen,1986100903,1986100903,1986100903,4350,0,3
fresh-00-04,ArrangeBreadBasket,ArrangeBreadBasket,composite_unseen,1986100904,1986100904,1986100904,4350,0,4
fresh-00-05,ArrangeBreadBasket,ArrangeBreadBasket,composite_unseen,1986100905,1986100905,1986100905,4350,0,5
fresh-00-06,ArrangeBreadBasket,ArrangeBreadBasket,composite_unseen,1986100906,1986100906,1986100906,4350,0,6
fresh-00-07,ArrangeBreadBasket,ArrangeBreadBasket,composite_unseen,1986100907,1986100907,1986100907,4350,0,7
fresh-00-08,ArrangeBreadBasket,ArrangeBreadBasket,composite_unseen,1986100908,1986100908,1986100908,4350,0,8
fresh-00-09,ArrangeBreadBasket,ArrangeBreadBasket,composite_unseen,1986100909,1986100909,1986100909,4350,0,9
fresh-00-10,ArrangeBreadBasket,ArrangeBreadBasket,composite_unseen,1986100910,1986100910,1986100910,4350,0,10
fresh-00-11,ArrangeBreadBasket,ArrangeBreadBasket,composite_unseen,1986100911,1986100911,1986100911,4350,0,11
fresh-00-12,ArrangeBreadBasket,ArrangeBreadBasket,composite_unseen,1986100912,1986100912,1986100912,4350,0,12
fresh-00-13,ArrangeBreadBasket,ArrangeBreadBasket,composite_unseen,1986100913,1986100913,1986100913,4350,0,13
fresh-00-14,ArrangeBreadBasket,ArrangeBreadBasket,composite_unseen,1986100914,1986100914,1986100914,4350,0,14
fresh-00-15,ArrangeBreadBasket,ArrangeBreadBasket,composite_unseen,1986100915,1986100915,1986100915,4350,0,15
fresh-00-16,ArrangeBreadBasket,ArrangeBreadBasket,composite_unseen,1986100916,1986100916,1986100916,4350,0,16
fresh-00-17,ArrangeBreadBasket,ArrangeBreadBasket,composite_unseen,1986100917,1986100917,1986100917,4350,0,17
fresh-00-18,ArrangeBreadBasket,ArrangeBreadBasket,composite_unseen,1986100918,1986100918,1986100918,4350,0,18
fresh-00-19,ArrangeBreadBasket,ArrangeBreadBasket,composite_unseen,1986100919,1986100919,1986100919,4350,0,19
fresh-00-20,ArrangeBreadBasket,ArrangeBreadBasket,composite_unseen,1986100920,1986100920,1986100920,4350,0,20
fresh-00-21,ArrangeBreadBasket,ArrangeBreadBasket,composite_unseen,1986100921,1986100921,1986100921,4350,0,21
fresh-00-22,ArrangeBreadBasket,ArrangeBreadBasket,composite_unseen,1986100922,1986100922,1986100922,4350,0,22
fresh-00-23,ArrangeBreadBasket,ArrangeBreadBasket,composite_unseen,1986100923,1986100923,1986100923,4350,0,23
fresh-00-24,ArrangeBreadBasket,ArrangeBreadBasket,composite_unseen,1986100924,1986100924,1986100924,4350,0,24
fresh-00-25,ArrangeBreadBasket,ArrangeBreadBasket,composite_unseen,1986100925,1986100925,1986100925,4350,0,25
fresh-00-26,ArrangeBreadBasket,ArrangeBreadBasket,composite_unseen,1986100926,1986100926,1986100926,4350,0,26
fresh-00-27,ArrangeBreadBasket,ArrangeBreadBasket,composite_unseen,1986100927,1986100927,1986100927,4350,0,27
fresh-00-28,ArrangeBreadBasket,ArrangeBreadBasket,composite_unseen,1986100928,1986100928,1986100928,4350,0,28
fresh-00-29,ArrangeBreadBasket,ArrangeBreadBasket,composite_unseen,1986100929,1986100929,1986100929,4350,0,29
fresh-00-30,ArrangeBreadBasket,ArrangeBreadBasket,composite_unseen,1986100930,1986100930,1986100930,4350,0,30
fresh-00-31,ArrangeBreadBasket,ArrangeBreadBasket,composite_unseen,1986100931,1986100931,1986100931,4350,0,31
fresh-00-32,ArrangeBreadBasket,ArrangeBreadBasket,composite_unseen,1986100932,1986100932,1986100932,4350,0,32
fresh-00-33,ArrangeBreadBasket,ArrangeBreadBasket,composite_unseen,1986100933,1986100933,1986100933,4350,0,33
fresh-00-34,ArrangeBreadBasket,ArrangeBreadBasket,composite_unseen,1986100934,1986100934,1986100934,4350,0,34
fresh-00-35,ArrangeBreadBasket,ArrangeBreadBasket,composite_unseen,1986100935,1986100935,1986100935,4350,0,35
fresh-00-36,ArrangeBreadBasket,ArrangeBreadBasket,composite_unseen,1986100936,1986100936,1986100936,4350,0,36
fresh-00-37,ArrangeBreadBasket,ArrangeBreadBasket,composite_unseen,1986100937,1986100937,1986100937,4350,0,37
fresh-00-38,ArrangeBreadBasket,ArrangeBreadBasket,composite_unseen,1986100938,1986100938,1986100938,4350,0,38
fresh-00-39,ArrangeBreadBasket,ArrangeBreadBasket,composite_unseen,1986100939,1986100939,1986100939,4350,0,39
fresh-00-40,ArrangeBreadBasket,ArrangeBreadBasket,composite_unseen,1986100940,1986100940,1986100940,4350,0,40
fresh-00-41,ArrangeBreadBasket,ArrangeBreadBasket,composite_unseen,1986100941,1986100941,1986100941,4350,0,41
fresh-00-42,ArrangeBreadBasket,ArrangeBreadBasket,composite_unseen,1986100942,1986100942,1986100942,4350,0,42
fresh-00-43,ArrangeBreadBasket,ArrangeBreadBasket,composite_unseen,1986100943,1986100943,1986100943,4350,0,43
fresh-00-44,ArrangeBreadBasket,ArrangeBreadBasket,composite_unseen,1986100944,1986100944,1986100944,4350,0,44
fresh-00-45,ArrangeBreadBasket,ArrangeBreadBasket,composite_unseen,1986100945,1986100945,1986100945,4350,0,45
fresh-00-46,ArrangeBreadBasket,ArrangeBreadBasket,composite_unseen,1986100946,1986100946,1986100946,4350,0,46
fresh-00-47,ArrangeBreadBasket,ArrangeBreadBasket,composite_unseen,1986100947,1986100947,1986100947,4350,0,47
fresh-00-48,ArrangeBreadBasket,ArrangeBreadBasket,composite_unseen,1986100948,1986100948,1986100948,4350,0,48
fresh-00-49,ArrangeBreadBasket,ArrangeBreadBasket,composite_unseen,1986100949,1986100949,1986100949,4350,0,49
fresh-01-00,ArrangeTea,ArrangeTea,composite_unseen,1986100950,1986100950,1986100950,2250,1,0
fresh-01-01,ArrangeTea,ArrangeTea,composite_unseen,1986100951,1986100951,1986100951,2250,1,1
fresh-01-02,ArrangeTea,ArrangeTea,composite_unseen,1986100952,1986100952,1986100952,2250,1,2
fresh-01-03,ArrangeTea,ArrangeTea,composite_unseen,1986100953,1986100953,1986100953,2250,1,3
fresh-01-04,ArrangeTea,ArrangeTea,composite_unseen,1986100954,1986100954,1986100954,2250,1,4
fresh-01-05,ArrangeTea,ArrangeTea,composite_unseen,1986100955,1986100955,1986100955,2250,1,5
fresh-01-06,ArrangeTea,ArrangeTea,composite_unseen,1986100956,1986100956,1986100956,2250,1,6
fresh-01-07,ArrangeTea,ArrangeTea,composite_unseen,1986100957,1986100957,1986100957,2250,1,7
fresh-01-08,ArrangeTea,ArrangeTea,composite_unseen,1986100958,1986100958,1986100958,2250,1,8
fresh-01-09,ArrangeTea,ArrangeTea,composite_unseen,1986100959,1986100959,1986100959,2250,1,9
fresh-01-10,ArrangeTea,ArrangeTea,composite_unseen,1986100960,1986100960,1986100960,2250,1,10
fresh-01-11,ArrangeTea,ArrangeTea,composite_unseen,1986100961,1986100961,1986100961,2250,1,11
fresh-01-12,ArrangeTea,ArrangeTea,composite_unseen,1986100962,1986100962,1986100962,2250,1,12
fresh-01-13,ArrangeTea,ArrangeTea,composite_unseen,1986100963,1986100963,1986100963,2250,1,13
fresh-01-14,ArrangeTea,ArrangeTea,composite_unseen,1986100964,1986100964,1986100964,2250,1,14
fresh-01-15,ArrangeTea,ArrangeTea,composite_unseen,1986100965,1986100965,1986100965,2250,1,15
fresh-01-16,ArrangeTea,ArrangeTea,composite_unseen,1986100966,1986100966,1986100966,2250,1,16
fresh-01-17,ArrangeTea,ArrangeTea,composite_unseen,1986100967,1986100967,1986100967,2250,1,17
fresh-01-18,ArrangeTea,ArrangeTea,composite_unseen,1986100968,1986100968,1986100968,2250,1,18
fresh-01-19,ArrangeTea,ArrangeTea,composite_unseen,1986100969,1986100969,1986100969,2250,1,19
fresh-01-20,ArrangeTea,ArrangeTea,composite_unseen,1986100970,1986100970,1986100970,2250,1,20
fresh-01-21,ArrangeTea,ArrangeTea,composite_unseen,1986100971,1986100971,1986100971,2250,1,21
fresh-01-22,ArrangeTea,ArrangeTea,composite_unseen,1986100972,1986100972,1986100972,2250,1,22
fresh-01-23,ArrangeTea,ArrangeTea,composite_unseen,1986100973,1986100973,1986100973,2250,1,23
fresh-01-24,ArrangeTea,ArrangeTea,composite_unseen,1986100974,1986100974,1986100974,2250,1,24
fresh-01-25,ArrangeTea,ArrangeTea,composite_unseen,1986100975,1986100975,1986100975,2250,1,25
fresh-01-26,ArrangeTea,ArrangeTea,composite_unseen,1986100976,1986100976,1986100976,2250,1,26
fresh-01-27,ArrangeTea,ArrangeTea,composite_unseen,1986100977,1986100977,1986100977,2250,1,27
fresh-01-28,ArrangeTea,ArrangeTea,composite_unseen,1986100978,1986100978,1986100978,2250,1,28
fresh-01-29,ArrangeTea,ArrangeTea,composite_unseen,1986100979,1986100979,1986100979,2250,1,29
fresh-01-30,ArrangeTea,ArrangeTea,composite_unseen,1986100980,1986100980,1986100980,2250,1,30
fresh-01-31,ArrangeTea,ArrangeTea,composite_unseen,1986100981,1986100981,1986100981,2250,1,31
fresh-01-32,ArrangeTea,ArrangeTea,composite_unseen,1986100982,1986100982,1986100982,2250,1,32
fresh-01-33,ArrangeTea,ArrangeTea,composite_unseen,1986100983,1986100983,1986100983,2250,1,33
fresh-01-34,ArrangeTea,ArrangeTea,composite_unseen,1986100984,1986100984,1986100984,2250,1,34
fresh-01-35,ArrangeTea,ArrangeTea,composite_unseen,1986100985,1986100985,1986100985,2250,1,35
fresh-01-36,ArrangeTea,ArrangeTea,composite_unseen,1986100986,1986100986,1986100986,2250,1,36
fresh-01-37,ArrangeTea,ArrangeTea,composite_unseen,1986100987,1986100987,1986100987,2250,1,37
fresh-01-38,ArrangeTea,ArrangeTea,composite_unseen,1986100988,1986100988,1986100988,2250,1,38
fresh-01-39,ArrangeTea,ArrangeTea,composite_unseen,1986100989,1986100989,1986100989,2250,1,39
fresh-01-40,ArrangeTea,ArrangeTea,composite_unseen,1986100990,1986100990,1986100990,2250,1,40
fresh-01-41,ArrangeTea,ArrangeTea,composite_unseen,1986100991,1986100991,1986100991,2250,1,41
fresh-01-42,ArrangeTea,ArrangeTea,composite_unseen,1986100992,1986100992,1986100992,2250,1,42
fresh-01-43,ArrangeTea,ArrangeTea,composite_unseen,1986100993,1986100993,1986100993,2250,1,43
fresh-01-44,ArrangeTea,ArrangeTea,composite_unseen,1986100994,1986100994,1986100994,2250,1,44
fresh-01-45,ArrangeTea,ArrangeTea,composite_unseen,1986100995,1986100995,1986100995,2250,1,45
fresh-01-46,ArrangeTea,ArrangeTea,composite_unseen,1986100996,1986100996,1986100996,2250,1,46
fresh-01-47,ArrangeTea,ArrangeTea,composite_unseen,1986100997,1986100997,1986100997,2250,1,47
fresh-01-48,ArrangeTea,ArrangeTea,composite_unseen,1986100998,1986100998,1986100998,2250,1,48
fresh-01-49,ArrangeTea,ArrangeTea,composite_unseen,1986100999,1986100999,1986100999,2250,1,49
fresh-02-00,BreadSelection,BreadSelection,composite_unseen,1986101000,1986101000,1986101000,1950,2,0
fresh-02-01,BreadSelection,BreadSelection,composite_unseen,1986101001,1986101001,1986101001,1950,2,1
fresh-02-02,BreadSelection,BreadSelection,composite_unseen,1986101002,1986101002,1986101002,1950,2,2
fresh-02-03,BreadSelection,BreadSelection,composite_unseen,1986101003,1986101003,1986101003,1950,2,3
fresh-02-04,BreadSelection,BreadSelection,composite_unseen,1986101004,1986101004,1986101004,1950,2,4
fresh-02-05,BreadSelection,BreadSelection,composite_unseen,1986101005,1986101005,1986101005,1950,2,5
fresh-02-06,BreadSelection,BreadSelection,composite_unseen,1986101006,1986101006,1986101006,1950,2,6
fresh-02-07,BreadSelection,BreadSelection,composite_unseen,1986101007,1986101007,1986101007,1950,2,7
fresh-02-08,BreadSelection,BreadSelection,composite_unseen,1986101008,1986101008,1986101008,1950,2,8
fresh-02-09,BreadSelection,BreadSelection,composite_unseen,1986101009,1986101009,1986101009,1950,2,9
fresh-02-10,BreadSelection,BreadSelection,composite_unseen,1986101010,1986101010,1986101010,1950,2,10
fresh-02-11,BreadSelection,BreadSelection,composite_unseen,1986101011,1986101011,1986101011,1950,2,11
fresh-02-12,BreadSelection,BreadSelection,composite_unseen,1986101012,1986101012,1986101012,1950,2,12
fresh-02-13,BreadSelection,BreadSelection,composite_unseen,1986101013,1986101013,1986101013,1950,2,13
fresh-02-14,BreadSelection,BreadSelection,composite_unseen,1986101014,1986101014,1986101014,1950,2,14
fresh-02-15,BreadSelection,BreadSelection,composite_unseen,1986101015,1986101015,1986101015,1950,2,15
fresh-02-16,BreadSelection,BreadSelection,composite_unseen,1986101016,1986101016,1986101016,1950,2,16
fresh-02-17,BreadSelection,BreadSelection,composite_unseen,1986101017,1986101017,1986101017,1950,2,17
fresh-02-18,BreadSelection,BreadSelection,composite_unseen,1986101018,1986101018,1986101018,1950,2,18
fresh-02-19,BreadSelection,BreadSelection,composite_unseen,1986101019,1986101019,1986101019,1950,2,19
fresh-02-20,BreadSelection,BreadSelection,composite_unseen,1986101020,1986101020,1986101020,1950,2,20
fresh-02-21,BreadSelection,BreadSelection,composite_unseen,1986101021,1986101021,1986101021,1950,2,21
fresh-02-22,BreadSelection,BreadSelection,composite_unseen,1986101022,1986101022,1986101022,1950,2,22
fresh-02-23,BreadSelection,BreadSelection,composite_unseen,1986101023,1986101023,1986101023,1950,2,23
fresh-02-24,BreadSelection,BreadSelection,composite_unseen,1986101024,1986101024,1986101024,1950,2,24
fresh-02-25,BreadSelection,BreadSelection,composite_unseen,1986101025,1986101025,1986101025,1950,2,25
fresh-02-26,BreadSelection,BreadSelection,composite_unseen,1986101026,1986101026,1986101026,1950,2,26
fresh-02-27,BreadSelection,BreadSelection,composite_unseen,1986101027,1986101027,1986101027,1950,2,27
fresh-02-28,BreadSelection,BreadSelection,composite_unseen,1986101028,1986101028,1986101028,1950,2,28
fresh-02-29,BreadSelection,BreadSelection,composite_unseen,1986101029,1986101029,1986101029,1950,2,29
fresh-02-30,BreadSelection,BreadSelection,composite_unseen,1986101030,1986101030,1986101030,1950,2,30
fresh-02-31,BreadSelection,BreadSelection,composite_unseen,1986101031,1986101031,1986101031,1950,2,31
fresh-02-32,BreadSelection,BreadSelection,composite_unseen,1986101032,1986101032,1986101032,1950,2,32
fresh-02-33,BreadSelection,BreadSelection,composite_unseen,1986101033,1986101033,1986101033,1950,2,33
fresh-02-34,BreadSelection,BreadSelection,composite_unseen,1986101034,1986101034,1986101034,1950,2,34
fresh-02-35,BreadSelection,BreadSelection,composite_unseen,1986101035,1986101035,1986101035,1950,2,35
fresh-02-36,BreadSelection,BreadSelection,composite_unseen,1986101036,1986101036,1986101036,1950,2,36
fresh-02-37,BreadSelection,BreadSelection,composite_unseen,1986101037,1986101037,1986101037,1950,2,37
fresh-02-38,BreadSelection,BreadSelection,composite_unseen,1986101038,1986101038,1986101038,1950,2,38
fresh-02-39,BreadSelection,BreadSelection,composite_unseen,1986101039,1986101039,1986101039,1950,2,39
fresh-02-40,BreadSelection,BreadSelection,composite_unseen,1986101040,1986101040,1986101040,1950,2,40
fresh-02-41,BreadSelection,BreadSelection,composite_unseen,1986101041,1986101041,1986101041,1950,2,41
fresh-02-42,BreadSelection,BreadSelection,composite_unseen,1986101042,1986101042,1986101042,1950,2,42
fresh-02-43,BreadSelection,BreadSelection,composite_unseen,1986101043,1986101043,1986101043,1950,2,43
fresh-02-44,BreadSelection,BreadSelection,composite_unseen,1986101044,1986101044,1986101044,1950,2,44
fresh-02-45,BreadSelection,BreadSelection,composite_unseen,1986101045,1986101045,1986101045,1950,2,45
fresh-02-46,BreadSelection,BreadSelection,composite_unseen,1986101046,1986101046,1986101046,1950,2,46
fresh-02-47,BreadSelection,BreadSelection,composite_unseen,1986101047,1986101047,1986101047,1950,2,47
fresh-02-48,BreadSelection,BreadSelection,composite_unseen,1986101048,1986101048,1986101048,1950,2,48
fresh-02-49,BreadSelection,BreadSelection,composite_unseen,1986101049,1986101049,1986101049,1950,2,49
fresh-03-00,CategorizeCondiments,CategorizeCondiments,composite_unseen,1986101050,1986101050,1986101050,1650,3,0
fresh-03-01,CategorizeCondiments,CategorizeCondiments,composite_unseen,1986101051,1986101051,1986101051,1650,3,1
fresh-03-02,CategorizeCondiments,CategorizeCondiments,composite_unseen,1986101052,1986101052,1986101052,1650,3,2
fresh-03-03,CategorizeCondiments,CategorizeCondiments,composite_unseen,1986101053,1986101053,1986101053,1650,3,3
fresh-03-04,CategorizeCondiments,CategorizeCondiments,composite_unseen,1986101054,1986101054,1986101054,1650,3,4
fresh-03-05,CategorizeCondiments,CategorizeCondiments,composite_unseen,1986101055,1986101055,1986101055,1650,3,5
fresh-03-06,CategorizeCondiments,CategorizeCondiments,composite_unseen,1986101056,1986101056,1986101056,1650,3,6
fresh-03-07,CategorizeCondiments,CategorizeCondiments,composite_unseen,1986101057,1986101057,1986101057,1650,3,7
fresh-03-08,CategorizeCondiments,CategorizeCondiments,composite_unseen,1986101058,1986101058,1986101058,1650,3,8
fresh-03-09,CategorizeCondiments,CategorizeCondiments,composite_unseen,1986101059,1986101059,1986101059,1650,3,9
fresh-03-10,CategorizeCondiments,CategorizeCondiments,composite_unseen,1986101060,1986101060,1986101060,1650,3,10
fresh-03-11,CategorizeCondiments,CategorizeCondiments,composite_unseen,1986101061,1986101061,1986101061,1650,3,11
fresh-03-12,CategorizeCondiments,CategorizeCondiments,composite_unseen,1986101062,1986101062,1986101062,1650,3,12
fresh-03-13,CategorizeCondiments,CategorizeCondiments,composite_unseen,1986101063,1986101063,1986101063,1650,3,13
fresh-03-14,CategorizeCondiments,CategorizeCondiments,composite_unseen,1986101064,1986101064,1986101064,1650,3,14
fresh-03-15,CategorizeCondiments,CategorizeCondiments,composite_unseen,1986101065,1986101065,1986101065,1650,3,15
fresh-03-16,CategorizeCondiments,CategorizeCondiments,composite_unseen,1986101066,1986101066,1986101066,1650,3,16
fresh-03-17,CategorizeCondiments,CategorizeCondiments,composite_unseen,1986101067,1986101067,1986101067,1650,3,17
fresh-03-18,CategorizeCondiments,CategorizeCondiments,composite_unseen,1986101068,1986101068,1986101068,1650,3,18
fresh-03-19,CategorizeCondiments,CategorizeCondiments,composite_unseen,1986101069,1986101069,1986101069,1650,3,19
fresh-03-20,CategorizeCondiments,CategorizeCondiments,composite_unseen,1986101070,1986101070,1986101070,1650,3,20
fresh-03-21,CategorizeCondiments,CategorizeCondiments,composite_unseen,1986101071,1986101071,1986101071,1650,3,21
fresh-03-22,CategorizeCondiments,CategorizeCondiments,composite_unseen,1986101072,1986101072,1986101072,1650,3,22
fresh-03-23,CategorizeCondiments,CategorizeCondiments,composite_unseen,1986101073,1986101073,1986101073,1650,3,23
fresh-03-24,CategorizeCondiments,CategorizeCondiments,composite_unseen,1986101074,1986101074,1986101074,1650,3,24
fresh-03-25,CategorizeCondiments,CategorizeCondiments,composite_unseen,1986101075,1986101075,1986101075,1650,3,25
fresh-03-26,CategorizeCondiments,CategorizeCondiments,composite_unseen,1986101076,1986101076,1986101076,1650,3,26
fresh-03-27,CategorizeCondiments,CategorizeCondiments,composite_unseen,1986101077,1986101077,1986101077,1650,3,27
fresh-03-28,CategorizeCondiments,CategorizeCondiments,composite_unseen,1986101078,1986101078,1986101078,1650,3,28
fresh-03-29,CategorizeCondiments,CategorizeCondiments,composite_unseen,1986101079,1986101079,1986101079,1650,3,29
fresh-03-30,CategorizeCondiments,CategorizeCondiments,composite_unseen,1986101080,1986101080,1986101080,1650,3,30
fresh-03-31,CategorizeCondiments,CategorizeCondiments,composite_unseen,1986101081,1986101081,1986101081,1650,3,31
fresh-03-32,CategorizeCondiments,CategorizeCondiments,composite_unseen,1986101082,1986101082,1986101082,1650,3,32
fresh-03-33,CategorizeCondiments,CategorizeCondiments,composite_unseen,1986101083,1986101083,1986101083,1650,3,33
fresh-03-34,CategorizeCondiments,CategorizeCondiments,composite_unseen,1986101084,1986101084,1986101084,1650,3,34
fresh-03-35,CategorizeCondiments,CategorizeCondiments,composite_unseen,1986101085,1986101085,1986101085,1650,3,35
fresh-03-36,CategorizeCondiments,CategorizeCondiments,composite_unseen,1986101086,1986101086,1986101086,1650,3,36
fresh-03-37,CategorizeCondiments,CategorizeCondiments,composite_unseen,1986101087,1986101087,1986101087,1650,3,37
fresh-03-38,CategorizeCondiments,CategorizeCondiments,composite_unseen,1986101088,1986101088,1986101088,1650,3,38
fresh-03-39,CategorizeCondiments,CategorizeCondiments,composite_unseen,1986101089,1986101089,1986101089,1650,3,39
fresh-03-40,CategorizeCondiments,CategorizeCondiments,composite_unseen,1986101090,1986101090,1986101090,1650,3,40
fresh-03-41,CategorizeCondiments,CategorizeCondiments,composite_unseen,1986101091,1986101091,1986101091,1650,3,41
fresh-03-42,CategorizeCondiments,CategorizeCondiments,composite_unseen,1986101092,1986101092,1986101092,1650,3,42
fresh-03-43,CategorizeCondiments,CategorizeCondiments,composite_unseen,1986101093,1986101093,1986101093,1650,3,43
fresh-03-44,CategorizeCondiments,CategorizeCondiments,composite_unseen,1986101094,1986101094,1986101094,1650,3,44
fresh-03-45,CategorizeCondiments,CategorizeCondiments,composite_unseen,1986101095,1986101095,1986101095,1650,3,45
fresh-03-46,CategorizeCondiments,CategorizeCondiments,composite_unseen,1986101096,1986101096,1986101096,1650,3,46
fresh-03-47,CategorizeCondiments,CategorizeCondiments,composite_unseen,1986101097,1986101097,1986101097,1650,3,47
fresh-03-48,CategorizeCondiments,CategorizeCondiments,composite_unseen,1986101098,1986101098,1986101098,1650,3,48
fresh-03-49,CategorizeCondiments,CategorizeCondiments,composite_unseen,1986101099,1986101099,1986101099,1650,3,49
fresh-04-00,CloseBlenderLid,CloseBlenderLid,atomic_seen,1986101100,1986101100,1986101100,900,4,0
fresh-04-01,CloseBlenderLid,CloseBlenderLid,atomic_seen,1986101101,1986101101,1986101101,900,4,1
fresh-04-02,CloseBlenderLid,CloseBlenderLid,atomic_seen,1986101102,1986101102,1986101102,900,4,2
fresh-04-03,CloseBlenderLid,CloseBlenderLid,atomic_seen,1986101103,1986101103,1986101103,900,4,3
fresh-04-04,CloseBlenderLid,CloseBlenderLid,atomic_seen,1986101104,1986101104,1986101104,900,4,4
fresh-04-05,CloseBlenderLid,CloseBlenderLid,atomic_seen,1986101105,1986101105,1986101105,900,4,5
fresh-04-06,CloseBlenderLid,CloseBlenderLid,atomic_seen,1986101106,1986101106,1986101106,900,4,6
fresh-04-07,CloseBlenderLid,CloseBlenderLid,atomic_seen,1986101107,1986101107,1986101107,900,4,7
fresh-04-08,CloseBlenderLid,CloseBlenderLid,atomic_seen,1986101108,1986101108,1986101108,900,4,8
fresh-04-09,CloseBlenderLid,CloseBlenderLid,atomic_seen,1986101109,1986101109,1986101109,900,4,9
fresh-04-10,CloseBlenderLid,CloseBlenderLid,atomic_seen,1986101110,1986101110,1986101110,900,4,10
fresh-04-11,CloseBlenderLid,CloseBlenderLid,atomic_seen,1986101111,1986101111,1986101111,900,4,11
fresh-04-12,CloseBlenderLid,CloseBlenderLid,atomic_seen,1986101112,1986101112,1986101112,900,4,12
fresh-04-13,CloseBlenderLid,CloseBlenderLid,atomic_seen,1986101113,1986101113,1986101113,900,4,13
fresh-04-14,CloseBlenderLid,CloseBlenderLid,atomic_seen,1986101114,1986101114,1986101114,900,4,14
fresh-04-15,CloseBlenderLid,CloseBlenderLid,atomic_seen,1986101115,1986101115,1986101115,900,4,15
fresh-04-16,CloseBlenderLid,CloseBlenderLid,atomic_seen,1986101116,1986101116,1986101116,900,4,16
fresh-04-17,CloseBlenderLid,CloseBlenderLid,atomic_seen,1986101117,1986101117,1986101117,900,4,17
fresh-04-18,CloseBlenderLid,CloseBlenderLid,atomic_seen,1986101118,1986101118,1986101118,900,4,18
fresh-04-19,CloseBlenderLid,CloseBlenderLid,atomic_seen,1986101119,1986101119,1986101119,900,4,19
fresh-04-20,CloseBlenderLid,CloseBlenderLid,atomic_seen,1986101120,1986101120,1986101120,900,4,20
fresh-04-21,CloseBlenderLid,CloseBlenderLid,atomic_seen,1986101121,1986101121,1986101121,900,4,21
fresh-04-22,CloseBlenderLid,CloseBlenderLid,atomic_seen,1986101122,1986101122,1986101122,900,4,22
fresh-04-23,CloseBlenderLid,CloseBlenderLid,atomic_seen,1986101123,1986101123,1986101123,900,4,23
fresh-04-24,CloseBlenderLid,CloseBlenderLid,atomic_seen,1986101124,1986101124,1986101124,900,4,24
fresh-04-25,CloseBlenderLid,CloseBlenderLid,atomic_seen,1986101125,1986101125,1986101125,900,4,25
fresh-04-26,CloseBlenderLid,CloseBlenderLid,atomic_seen,1986101126,1986101126,1986101126,900,4,26
fresh-04-27,CloseBlenderLid,CloseBlenderLid,atomic_seen,1986101127,1986101127,1986101127,900,4,27
fresh-04-28,CloseBlenderLid,CloseBlenderLid,atomic_seen,1986101128,1986101128,1986101128,900,4,28
fresh-04-29,CloseBlenderLid,CloseBlenderLid,atomic_seen,1986101129,1986101129,1986101129,900,4,29
fresh-04-30,CloseBlenderLid,CloseBlenderLid,atomic_seen,1986101130,1986101130,1986101130,900,4,30
fresh-04-31,CloseBlenderLid,CloseBlenderLid,atomic_seen,1986101131,1986101131,1986101131,900,4,31
fresh-04-32,CloseBlenderLid,CloseBlenderLid,atomic_seen,1986101132,1986101132,1986101132,900,4,32
fresh-04-33,CloseBlenderLid,CloseBlenderLid,atomic_seen,1986101133,1986101133,1986101133,900,4,33
fresh-04-34,CloseBlenderLid,CloseBlenderLid,atomic_seen,1986101134,1986101134,1986101134,900,4,34
fresh-04-35,CloseBlenderLid,CloseBlenderLid,atomic_seen,1986101135,1986101135,1986101135,900,4,35
fresh-04-36,CloseBlenderLid,CloseBlenderLid,atomic_seen,1986101136,1986101136,1986101136,900,4,36
fresh-04-37,CloseBlenderLid,CloseBlenderLid,atomic_seen,1986101137,1986101137,1986101137,900,4,37
fresh-04-38,CloseBlenderLid,CloseBlenderLid,atomic_seen,1986101138,1986101138,1986101138,900,4,38
fresh-04-39,CloseBlenderLid,CloseBlenderLid,atomic_seen,1986101139,1986101139,1986101139,900,4,39
fresh-04-40,CloseBlenderLid,CloseBlenderLid,atomic_seen,1986101140,1986101140,1986101140,900,4,40
fresh-04-41,CloseBlenderLid,CloseBlenderLid,atomic_seen,1986101141,1986101141,1986101141,900,4,41
fresh-04-42,CloseBlenderLid,CloseBlenderLid,atomic_seen,1986101142,1986101142,1986101142,900,4,42
fresh-04-43,CloseBlenderLid,CloseBlenderLid,atomic_seen,1986101143,1986101143,1986101143,900,4,43
fresh-04-44,CloseBlenderLid,CloseBlenderLid,atomic_seen,1986101144,1986101144,1986101144,900,4,44
fresh-04-45,CloseBlenderLid,CloseBlenderLid,atomic_seen,1986101145,1986101145,1986101145,900,4,45
fresh-04-46,CloseBlenderLid,CloseBlenderLid,atomic_seen,1986101146,1986101146,1986101146,900,4,46
fresh-04-47,CloseBlenderLid,CloseBlenderLid,atomic_seen,1986101147,1986101147,1986101147,900,4,47
fresh-04-48,CloseBlenderLid,CloseBlenderLid,atomic_seen,1986101148,1986101148,1986101148,900,4,48
fresh-04-49,CloseBlenderLid,CloseBlenderLid,atomic_seen,1986101149,1986101149,1986101149,900,4,49
fresh-05-00,CloseFridge,CloseFridge,atomic_seen,1986101150,1986101150,1986101150,900,5,0
fresh-05-01,CloseFridge,CloseFridge,atomic_seen,1986101151,1986101151,1986101151,900,5,1
fresh-05-02,CloseFridge,CloseFridge,atomic_seen,1986101152,1986101152,1986101152,900,5,2
fresh-05-03,CloseFridge,CloseFridge,atomic_seen,1986101153,1986101153,1986101153,900,5,3
fresh-05-04,CloseFridge,CloseFridge,atomic_seen,1986101154,1986101154,1986101154,900,5,4
fresh-05-05,CloseFridge,CloseFridge,atomic_seen,1986101155,1986101155,1986101155,900,5,5
fresh-05-06,CloseFridge,CloseFridge,atomic_seen,1986101156,1986101156,1986101156,900,5,6
fresh-05-07,CloseFridge,CloseFridge,atomic_seen,1986101157,1986101157,1986101157,900,5,7
fresh-05-08,CloseFridge,CloseFridge,atomic_seen,1986101158,1986101158,1986101158,900,5,8
fresh-05-09,CloseFridge,CloseFridge,atomic_seen,1986101159,1986101159,1986101159,900,5,9
fresh-05-10,CloseFridge,CloseFridge,atomic_seen,1986101160,1986101160,1986101160,900,5,10
fresh-05-11,CloseFridge,CloseFridge,atomic_seen,1986101161,1986101161,1986101161,900,5,11
fresh-05-12,CloseFridge,CloseFridge,atomic_seen,1986101162,1986101162,1986101162,900,5,12
fresh-05-13,CloseFridge,CloseFridge,atomic_seen,1986101163,1986101163,1986101163,900,5,13
fresh-05-14,CloseFridge,CloseFridge,atomic_seen,1986101164,1986101164,1986101164,900,5,14
fresh-05-15,CloseFridge,CloseFridge,atomic_seen,1986101165,1986101165,1986101165,900,5,15
fresh-05-16,CloseFridge,CloseFridge,atomic_seen,1986101166,1986101166,1986101166,900,5,16
fresh-05-17,CloseFridge,CloseFridge,atomic_seen,1986101167,1986101167,1986101167,900,5,17
fresh-05-18,CloseFridge,CloseFridge,atomic_seen,1986101168,1986101168,1986101168,900,5,18
fresh-05-19,CloseFridge,CloseFridge,atomic_seen,1986101169,1986101169,1986101169,900,5,19
fresh-05-20,CloseFridge,CloseFridge,atomic_seen,1986101170,1986101170,1986101170,900,5,20
fresh-05-21,CloseFridge,CloseFridge,atomic_seen,1986101171,1986101171,1986101171,900,5,21
fresh-05-22,CloseFridge,CloseFridge,atomic_seen,1986101172,1986101172,1986101172,900,5,22
fresh-05-23,CloseFridge,CloseFridge,atomic_seen,1986101173,1986101173,1986101173,900,5,23
fresh-05-24,CloseFridge,CloseFridge,atomic_seen,1986101174,1986101174,1986101174,900,5,24
fresh-05-25,CloseFridge,CloseFridge,atomic_seen,1986101175,1986101175,1986101175,900,5,25
fresh-05-26,CloseFridge,CloseFridge,atomic_seen,1986101176,1986101176,1986101176,900,5,26
fresh-05-27,CloseFridge,CloseFridge,atomic_seen,1986101177,1986101177,1986101177,900,5,27
fresh-05-28,CloseFridge,CloseFridge,atomic_seen,1986101178,1986101178,1986101178,900,5,28
fresh-05-29,CloseFridge,CloseFridge,atomic_seen,1986101179,1986101179,1986101179,900,5,29
fresh-05-30,CloseFridge,CloseFridge,atomic_seen,1986101180,1986101180,1986101180,900,5,30
fresh-05-31,CloseFridge,CloseFridge,atomic_seen,1986101181,1986101181,1986101181,900,5,31
fresh-05-32,CloseFridge,CloseFridge,atomic_seen,1986101182,1986101182,1986101182,900,5,32
fresh-05-33,CloseFridge,CloseFridge,atomic_seen,1986101183,1986101183,1986101183,900,5,33
fresh-05-34,CloseFridge,CloseFridge,atomic_seen,1986101184,1986101184,1986101184,900,5,34
fresh-05-35,CloseFridge,CloseFridge,atomic_seen,1986101185,1986101185,1986101185,900,5,35
fresh-05-36,CloseFridge,CloseFridge,atomic_seen,1986101186,1986101186,1986101186,900,5,36
fresh-05-37,CloseFridge,CloseFridge,atomic_seen,1986101187,1986101187,1986101187,900,5,37
fresh-05-38,CloseFridge,CloseFridge,atomic_seen,1986101188,1986101188,1986101188,900,5,38
fresh-05-39,CloseFridge,CloseFridge,atomic_seen,1986101189,1986101189,1986101189,900,5,39
fresh-05-40,CloseFridge,CloseFridge,atomic_seen,1986101190,1986101190,1986101190,900,5,40
fresh-05-41,CloseFridge,CloseFridge,atomic_seen,1986101191,1986101191,1986101191,900,5,41
fresh-05-42,CloseFridge,CloseFridge,atomic_seen,1986101192,1986101192,1986101192,900,5,42
fresh-05-43,CloseFridge,CloseFridge,atomic_seen,1986101193,1986101193,1986101193,900,5,43
fresh-05-44,CloseFridge,CloseFridge,atomic_seen,1986101194,1986101194,1986101194,900,5,44
fresh-05-45,CloseFridge,CloseFridge,atomic_seen,1986101195,1986101195,1986101195,900,5,45
fresh-05-46,CloseFridge,CloseFridge,atomic_seen,1986101196,1986101196,1986101196,900,5,46
fresh-05-47,CloseFridge,CloseFridge,atomic_seen,1986101197,1986101197,1986101197,900,5,47
fresh-05-48,CloseFridge,CloseFridge,atomic_seen,1986101198,1986101198,1986101198,900,5,48
fresh-05-49,CloseFridge,CloseFridge,atomic_seen,1986101199,1986101199,1986101199,900,5,49
fresh-06-00,CloseToasterOvenDoor,CloseToasterOvenDoor,atomic_seen,1986101200,1986101200,1986101200,450,6,0
fresh-06-01,CloseToasterOvenDoor,CloseToasterOvenDoor,atomic_seen,1986101201,1986101201,1986101201,450,6,1
fresh-06-02,CloseToasterOvenDoor,CloseToasterOvenDoor,atomic_seen,1986101202,1986101202,1986101202,450,6,2
fresh-06-03,CloseToasterOvenDoor,CloseToasterOvenDoor,atomic_seen,1986101203,1986101203,1986101203,450,6,3
fresh-06-04,CloseToasterOvenDoor,CloseToasterOvenDoor,atomic_seen,1986101204,1986101204,1986101204,450,6,4
fresh-06-05,CloseToasterOvenDoor,CloseToasterOvenDoor,atomic_seen,1986101205,1986101205,1986101205,450,6,5
fresh-06-06,CloseToasterOvenDoor,CloseToasterOvenDoor,atomic_seen,1986101206,1986101206,1986101206,450,6,6
fresh-06-07,CloseToasterOvenDoor,CloseToasterOvenDoor,atomic_seen,1986101207,1986101207,1986101207,450,6,7
fresh-06-08,CloseToasterOvenDoor,CloseToasterOvenDoor,atomic_seen,1986101208,1986101208,1986101208,450,6,8
fresh-06-09,CloseToasterOvenDoor,CloseToasterOvenDoor,atomic_seen,1986101209,1986101209,1986101209,450,6,9
fresh-06-10,CloseToasterOvenDoor,CloseToasterOvenDoor,atomic_seen,1986101210,1986101210,1986101210,450,6,10
fresh-06-11,CloseToasterOvenDoor,CloseToasterOvenDoor,atomic_seen,1986101211,1986101211,1986101211,450,6,11
fresh-06-12,CloseToasterOvenDoor,CloseToasterOvenDoor,atomic_seen,1986101212,1986101212,1986101212,450,6,12
fresh-06-13,CloseToasterOvenDoor,CloseToasterOvenDoor,atomic_seen,1986101213,1986101213,1986101213,450,6,13
fresh-06-14,CloseToasterOvenDoor,CloseToasterOvenDoor,atomic_seen,1986101214,1986101214,1986101214,450,6,14
fresh-06-15,CloseToasterOvenDoor,CloseToasterOvenDoor,atomic_seen,1986101215,1986101215,1986101215,450,6,15
fresh-06-16,CloseToasterOvenDoor,CloseToasterOvenDoor,atomic_seen,1986101216,1986101216,1986101216,450,6,16
fresh-06-17,CloseToasterOvenDoor,CloseToasterOvenDoor,atomic_seen,1986101217,1986101217,1986101217,450,6,17
fresh-06-18,CloseToasterOvenDoor,CloseToasterOvenDoor,atomic_seen,1986101218,1986101218,1986101218,450,6,18
fresh-06-19,CloseToasterOvenDoor,CloseToasterOvenDoor,atomic_seen,1986101219,1986101219,1986101219,450,6,19
fresh-06-20,CloseToasterOvenDoor,CloseToasterOvenDoor,atomic_seen,1986101220,1986101220,1986101220,450,6,20
fresh-06-21,CloseToasterOvenDoor,CloseToasterOvenDoor,atomic_seen,1986101221,1986101221,1986101221,450,6,21
fresh-06-22,CloseToasterOvenDoor,CloseToasterOvenDoor,atomic_seen,1986101222,1986101222,1986101222,450,6,22
fresh-06-23,CloseToasterOvenDoor,CloseToasterOvenDoor,atomic_seen,1986101223,1986101223,1986101223,450,6,23
fresh-06-24,CloseToasterOvenDoor,CloseToasterOvenDoor,atomic_seen,1986101224,1986101224,1986101224,450,6,24
fresh-06-25,CloseToasterOvenDoor,CloseToasterOvenDoor,atomic_seen,1986101225,1986101225,1986101225,450,6,25
fresh-06-26,CloseToasterOvenDoor,CloseToasterOvenDoor,atomic_seen,1986101226,1986101226,1986101226,450,6,26
fresh-06-27,CloseToasterOvenDoor,CloseToasterOvenDoor,atomic_seen,1986101227,1986101227,1986101227,450,6,27
fresh-06-28,CloseToasterOvenDoor,CloseToasterOvenDoor,atomic_seen,1986101228,1986101228,1986101228,450,6,28
fresh-06-29,CloseToasterOvenDoor,CloseToasterOvenDoor,atomic_seen,1986101229,1986101229,1986101229,450,6,29
fresh-06-30,CloseToasterOvenDoor,CloseToasterOvenDoor,atomic_seen,1986101230,1986101230,1986101230,450,6,30
fresh-06-31,CloseToasterOvenDoor,CloseToasterOvenDoor,atomic_seen,1986101231,1986101231,1986101231,450,6,31
fresh-06-32,CloseToasterOvenDoor,CloseToasterOvenDoor,atomic_seen,1986101232,1986101232,1986101232,450,6,32
fresh-06-33,CloseToasterOvenDoor,CloseToasterOvenDoor,atomic_seen,1986101233,1986101233,1986101233,450,6,33
fresh-06-34,CloseToasterOvenDoor,CloseToasterOvenDoor,atomic_seen,1986101234,1986101234,1986101234,450,6,34
fresh-06-35,CloseToasterOvenDoor,CloseToasterOvenDoor,atomic_seen,1986101235,1986101235,1986101235,450,6,35
fresh-06-36,CloseToasterOvenDoor,CloseToasterOvenDoor,atomic_seen,1986101236,1986101236,1986101236,450,6,36
fresh-06-37,CloseToasterOvenDoor,CloseToasterOvenDoor,atomic_seen,1986101237,1986101237,1986101237,450,6,37
fresh-06-38,CloseToasterOvenDoor,CloseToasterOvenDoor,atomic_seen,1986101238,1986101238,1986101238,450,6,38
fresh-06-39,CloseToasterOvenDoor,CloseToasterOvenDoor,atomic_seen,1986101239,1986101239,1986101239,450,6,39
fresh-06-40,CloseToasterOvenDoor,CloseToasterOvenDoor,atomic_seen,1986101240,1986101240,1986101240,450,6,40
fresh-06-41,CloseToasterOvenDoor,CloseToasterOvenDoor,atomic_seen,1986101241,1986101241,1986101241,450,6,41
fresh-06-42,CloseToasterOvenDoor,CloseToasterOvenDoor,atomic_seen,1986101242,1986101242,1986101242,450,6,42
fresh-06-43,CloseToasterOvenDoor,CloseToasterOvenDoor,atomic_seen,1986101243,1986101243,1986101243,450,6,43
fresh-06-44,CloseToasterOvenDoor,CloseToasterOvenDoor,atomic_seen,1986101244,1986101244,1986101244,450,6,44
fresh-06-45,CloseToasterOvenDoor,CloseToasterOvenDoor,atomic_seen,1986101245,1986101245,1986101245,450,6,45
fresh-06-46,CloseToasterOvenDoor,CloseToasterOvenDoor,atomic_seen,1986101246,1986101246,1986101246,450,6,46
fresh-06-47,CloseToasterOvenDoor,CloseToasterOvenDoor,atomic_seen,1986101247,1986101247,1986101247,450,6,47
fresh-06-48,CloseToasterOvenDoor,CloseToasterOvenDoor,atomic_seen,1986101248,1986101248,1986101248,450,6,48
fresh-06-49,CloseToasterOvenDoor,CloseToasterOvenDoor,atomic_seen,1986101249,1986101249,1986101249,450,6,49
fresh-07-00,CoffeeSetupMug,CoffeeSetupMug,atomic_seen,1986101250,1986101250,1986101250,600,7,0
fresh-07-01,CoffeeSetupMug,CoffeeSetupMug,atomic_seen,1986101251,1986101251,1986101251,600,7,1
fresh-07-02,CoffeeSetupMug,CoffeeSetupMug,atomic_seen,1986101252,1986101252,1986101252,600,7,2
fresh-07-03,CoffeeSetupMug,CoffeeSetupMug,atomic_seen,1986101253,1986101253,1986101253,600,7,3
fresh-07-04,CoffeeSetupMug,CoffeeSetupMug,atomic_seen,1986101254,1986101254,1986101254,600,7,4
fresh-07-05,CoffeeSetupMug,CoffeeSetupMug,atomic_seen,1986101255,1986101255,1986101255,600,7,5
fresh-07-06,CoffeeSetupMug,CoffeeSetupMug,atomic_seen,1986101256,1986101256,1986101256,600,7,6
fresh-07-07,CoffeeSetupMug,CoffeeSetupMug,atomic_seen,1986101257,1986101257,1986101257,600,7,7
fresh-07-08,CoffeeSetupMug,CoffeeSetupMug,atomic_seen,1986101258,1986101258,1986101258,600,7,8
fresh-07-09,CoffeeSetupMug,CoffeeSetupMug,atomic_seen,1986101259,1986101259,1986101259,600,7,9
fresh-07-10,CoffeeSetupMug,CoffeeSetupMug,atomic_seen,1986101260,1986101260,1986101260,600,7,10
fresh-07-11,CoffeeSetupMug,CoffeeSetupMug,atomic_seen,1986101261,1986101261,1986101261,600,7,11
fresh-07-12,CoffeeSetupMug,CoffeeSetupMug,atomic_seen,1986101262,1986101262,1986101262,600,7,12
fresh-07-13,CoffeeSetupMug,CoffeeSetupMug,atomic_seen,1986101263,1986101263,1986101263,600,7,13
fresh-07-14,CoffeeSetupMug,CoffeeSetupMug,atomic_seen,1986101264,1986101264,1986101264,600,7,14
fresh-07-15,CoffeeSetupMug,CoffeeSetupMug,atomic_seen,1986101265,1986101265,1986101265,600,7,15
fresh-07-16,CoffeeSetupMug,CoffeeSetupMug,atomic_seen,1986101266,1986101266,1986101266,600,7,16
fresh-07-17,CoffeeSetupMug,CoffeeSetupMug,atomic_seen,1986101267,1986101267,1986101267,600,7,17
fresh-07-18,CoffeeSetupMug,CoffeeSetupMug,atomic_seen,1986101268,1986101268,1986101268,600,7,18
fresh-07-19,CoffeeSetupMug,CoffeeSetupMug,atomic_seen,1986101269,1986101269,1986101269,600,7,19
fresh-07-20,CoffeeSetupMug,CoffeeSetupMug,atomic_seen,1986101270,1986101270,1986101270,600,7,20
fresh-07-21,CoffeeSetupMug,CoffeeSetupMug,atomic_seen,1986101271,1986101271,1986101271,600,7,21
fresh-07-22,CoffeeSetupMug,CoffeeSetupMug,atomic_seen,1986101272,1986101272,1986101272,600,7,22
fresh-07-23,CoffeeSetupMug,CoffeeSetupMug,atomic_seen,1986101273,1986101273,1986101273,600,7,23
fresh-07-24,CoffeeSetupMug,CoffeeSetupMug,atomic_seen,1986101274,1986101274,1986101274,600,7,24
fresh-07-25,CoffeeSetupMug,CoffeeSetupMug,atomic_seen,1986101275,1986101275,1986101275,600,7,25
fresh-07-26,CoffeeSetupMug,CoffeeSetupMug,atomic_seen,1986101276,1986101276,1986101276,600,7,26
fresh-07-27,CoffeeSetupMug,CoffeeSetupMug,atomic_seen,1986101277,1986101277,1986101277,600,7,27
fresh-07-28,CoffeeSetupMug,CoffeeSetupMug,atomic_seen,1986101278,1986101278,1986101278,600,7,28
fresh-07-29,CoffeeSetupMug,CoffeeSetupMug,atomic_seen,1986101279,1986101279,1986101279,600,7,29
fresh-07-30,CoffeeSetupMug,CoffeeSetupMug,atomic_seen,1986101280,1986101280,1986101280,600,7,30
fresh-07-31,CoffeeSetupMug,CoffeeSetupMug,atomic_seen,1986101281,1986101281,1986101281,600,7,31
fresh-07-32,CoffeeSetupMug,CoffeeSetupMug,atomic_seen,1986101282,1986101282,1986101282,600,7,32
fresh-07-33,CoffeeSetupMug,CoffeeSetupMug,atomic_seen,1986101283,1986101283,1986101283,600,7,33
fresh-07-34,CoffeeSetupMug,CoffeeSetupMug,atomic_seen,1986101284,1986101284,1986101284,600,7,34
fresh-07-35,CoffeeSetupMug,CoffeeSetupMug,atomic_seen,1986101285,1986101285,1986101285,600,7,35
fresh-07-36,CoffeeSetupMug,CoffeeSetupMug,atomic_seen,1986101286,1986101286,1986101286,600,7,36
fresh-07-37,CoffeeSetupMug,CoffeeSetupMug,atomic_seen,1986101287,1986101287,1986101287,600,7,37
fresh-07-38,CoffeeSetupMug,CoffeeSetupMug,atomic_seen,1986101288,1986101288,1986101288,600,7,38
fresh-07-39,CoffeeSetupMug,CoffeeSetupMug,atomic_seen,1986101289,1986101289,1986101289,600,7,39
fresh-07-40,CoffeeSetupMug,CoffeeSetupMug,atomic_seen,1986101290,1986101290,1986101290,600,7,40
fresh-07-41,CoffeeSetupMug,CoffeeSetupMug,atomic_seen,1986101291,1986101291,1986101291,600,7,41
fresh-07-42,CoffeeSetupMug,CoffeeSetupMug,atomic_seen,1986101292,1986101292,1986101292,600,7,42
fresh-07-43,CoffeeSetupMug,CoffeeSetupMug,atomic_seen,1986101293,1986101293,1986101293,600,7,43
fresh-07-44,CoffeeSetupMug,CoffeeSetupMug,atomic_seen,1986101294,1986101294,1986101294,600,7,44
fresh-07-45,CoffeeSetupMug,CoffeeSetupMug,atomic_seen,1986101295,1986101295,1986101295,600,7,45
fresh-07-46,CoffeeSetupMug,CoffeeSetupMug,atomic_seen,1986101296,1986101296,1986101296,600,7,46
fresh-07-47,CoffeeSetupMug,CoffeeSetupMug,atomic_seen,1986101297,1986101297,1986101297,600,7,47
fresh-07-48,CoffeeSetupMug,CoffeeSetupMug,atomic_seen,1986101298,1986101298,1986101298,600,7,48
fresh-07-49,CoffeeSetupMug,CoffeeSetupMug,atomic_seen,1986101299,1986101299,1986101299,600,7,49
fresh-08-00,CuttingToolSelection,CuttingToolSelection,composite_unseen,1986101300,1986101300,1986101300,1200,8,0
fresh-08-01,CuttingToolSelection,CuttingToolSelection,composite_unseen,1986101301,1986101301,1986101301,1200,8,1
fresh-08-02,CuttingToolSelection,CuttingToolSelection,composite_unseen,1986101302,1986101302,1986101302,1200,8,2
fresh-08-03,CuttingToolSelection,CuttingToolSelection,composite_unseen,1986101303,1986101303,1986101303,1200,8,3
fresh-08-04,CuttingToolSelection,CuttingToolSelection,composite_unseen,1986101304,1986101304,1986101304,1200,8,4
fresh-08-05,CuttingToolSelection,CuttingToolSelection,composite_unseen,1986101305,1986101305,1986101305,1200,8,5
fresh-08-06,CuttingToolSelection,CuttingToolSelection,composite_unseen,1986101306,1986101306,1986101306,1200,8,6
fresh-08-07,CuttingToolSelection,CuttingToolSelection,composite_unseen,1986101307,1986101307,1986101307,1200,8,7
fresh-08-08,CuttingToolSelection,CuttingToolSelection,composite_unseen,1986101308,1986101308,1986101308,1200,8,8
fresh-08-09,CuttingToolSelection,CuttingToolSelection,composite_unseen,1986101309,1986101309,1986101309,1200,8,9
fresh-08-10,CuttingToolSelection,CuttingToolSelection,composite_unseen,1986101310,1986101310,1986101310,1200,8,10
fresh-08-11,CuttingToolSelection,CuttingToolSelection,composite_unseen,1986101311,1986101311,1986101311,1200,8,11
fresh-08-12,CuttingToolSelection,CuttingToolSelection,composite_unseen,1986101312,1986101312,1986101312,1200,8,12
fresh-08-13,CuttingToolSelection,CuttingToolSelection,composite_unseen,1986101313,1986101313,1986101313,1200,8,13
fresh-08-14,CuttingToolSelection,CuttingToolSelection,composite_unseen,1986101314,1986101314,1986101314,1200,8,14
fresh-08-15,CuttingToolSelection,CuttingToolSelection,composite_unseen,1986101315,1986101315,1986101315,1200,8,15
fresh-08-16,CuttingToolSelection,CuttingToolSelection,composite_unseen,1986101316,1986101316,1986101316,1200,8,16
fresh-08-17,CuttingToolSelection,CuttingToolSelection,composite_unseen,1986101317,1986101317,1986101317,1200,8,17
fresh-08-18,CuttingToolSelection,CuttingToolSelection,composite_unseen,1986101318,1986101318,1986101318,1200,8,18
fresh-08-19,CuttingToolSelection,CuttingToolSelection,composite_unseen,1986101319,1986101319,1986101319,1200,8,19
fresh-08-20,CuttingToolSelection,CuttingToolSelection,composite_unseen,1986101320,1986101320,1986101320,1200,8,20
fresh-08-21,CuttingToolSelection,CuttingToolSelection,composite_unseen,1986101321,1986101321,1986101321,1200,8,21
fresh-08-22,CuttingToolSelection,CuttingToolSelection,composite_unseen,1986101322,1986101322,1986101322,1200,8,22
fresh-08-23,CuttingToolSelection,CuttingToolSelection,composite_unseen,1986101323,1986101323,1986101323,1200,8,23
fresh-08-24,CuttingToolSelection,CuttingToolSelection,composite_unseen,1986101324,1986101324,1986101324,1200,8,24
fresh-08-25,CuttingToolSelection,CuttingToolSelection,composite_unseen,1986101325,1986101325,1986101325,1200,8,25
fresh-08-26,CuttingToolSelection,CuttingToolSelection,composite_unseen,1986101326,1986101326,1986101326,1200,8,26
fresh-08-27,CuttingToolSelection,CuttingToolSelection,composite_unseen,1986101327,1986101327,1986101327,1200,8,27
fresh-08-28,CuttingToolSelection,CuttingToolSelection,composite_unseen,1986101328,1986101328,1986101328,1200,8,28
fresh-08-29,CuttingToolSelection,CuttingToolSelection,composite_unseen,1986101329,1986101329,1986101329,1200,8,29
fresh-08-30,CuttingToolSelection,CuttingToolSelection,composite_unseen,1986101330,1986101330,1986101330,1200,8,30
fresh-08-31,CuttingToolSelection,CuttingToolSelection,composite_unseen,1986101331,1986101331,1986101331,1200,8,31
fresh-08-32,CuttingToolSelection,CuttingToolSelection,composite_unseen,1986101332,1986101332,1986101332,1200,8,32
fresh-08-33,CuttingToolSelection,CuttingToolSelection,composite_unseen,1986101333,1986101333,1986101333,1200,8,33
fresh-08-34,CuttingToolSelection,CuttingToolSelection,composite_unseen,1986101334,1986101334,1986101334,1200,8,34
fresh-08-35,CuttingToolSelection,CuttingToolSelection,composite_unseen,1986101335,1986101335,1986101335,1200,8,35
fresh-08-36,CuttingToolSelection,CuttingToolSelection,composite_unseen,1986101336,1986101336,1986101336,1200,8,36
fresh-08-37,CuttingToolSelection,CuttingToolSelection,composite_unseen,1986101337,1986101337,1986101337,1200,8,37
fresh-08-38,CuttingToolSelection,CuttingToolSelection,composite_unseen,1986101338,1986101338,1986101338,1200,8,38
fresh-08-39,CuttingToolSelection,CuttingToolSelection,composite_unseen,1986101339,1986101339,1986101339,1200,8,39
fresh-08-40,CuttingToolSelection,CuttingToolSelection,composite_unseen,1986101340,1986101340,1986101340,1200,8,40
fresh-08-41,CuttingToolSelection,CuttingToolSelection,composite_unseen,1986101341,1986101341,1986101341,1200,8,41
fresh-08-42,CuttingToolSelection,CuttingToolSelection,composite_unseen,1986101342,1986101342,1986101342,1200,8,42
fresh-08-43,CuttingToolSelection,CuttingToolSelection,composite_unseen,1986101343,1986101343,1986101343,1200,8,43
fresh-08-44,CuttingToolSelection,CuttingToolSelection,composite_unseen,1986101344,1986101344,1986101344,1200,8,44
fresh-08-45,CuttingToolSelection,CuttingToolSelection,composite_unseen,1986101345,1986101345,1986101345,1200,8,45
fresh-08-46,CuttingToolSelection,CuttingToolSelection,composite_unseen,1986101346,1986101346,1986101346,1200,8,46
fresh-08-47,CuttingToolSelection,CuttingToolSelection,composite_unseen,1986101347,1986101347,1986101347,1200,8,47
fresh-08-48,CuttingToolSelection,CuttingToolSelection,composite_unseen,1986101348,1986101348,1986101348,1200,8,48
fresh-08-49,CuttingToolSelection,CuttingToolSelection,composite_unseen,1986101349,1986101349,1986101349,1200,8,49
fresh-09-00,DeliverStraw,DeliverStraw,composite_seen,1986101350,1986101350,1986101350,2550,9,0
fresh-09-01,DeliverStraw,DeliverStraw,composite_seen,1986101351,1986101351,1986101351,2550,9,1
fresh-09-02,DeliverStraw,DeliverStraw,composite_seen,1986101352,1986101352,1986101352,2550,9,2
fresh-09-03,DeliverStraw,DeliverStraw,composite_seen,1986101353,1986101353,1986101353,2550,9,3
fresh-09-04,DeliverStraw,DeliverStraw,composite_seen,1986101354,1986101354,1986101354,2550,9,4
fresh-09-05,DeliverStraw,DeliverStraw,composite_seen,1986101355,1986101355,1986101355,2550,9,5
fresh-09-06,DeliverStraw,DeliverStraw,composite_seen,1986101356,1986101356,1986101356,2550,9,6
fresh-09-07,DeliverStraw,DeliverStraw,composite_seen,1986101357,1986101357,1986101357,2550,9,7
fresh-09-08,DeliverStraw,DeliverStraw,composite_seen,1986101358,1986101358,1986101358,2550,9,8
fresh-09-09,DeliverStraw,DeliverStraw,composite_seen,1986101359,1986101359,1986101359,2550,9,9
fresh-09-10,DeliverStraw,DeliverStraw,composite_seen,1986101360,1986101360,1986101360,2550,9,10
fresh-09-11,DeliverStraw,DeliverStraw,composite_seen,1986101361,1986101361,1986101361,2550,9,11
fresh-09-12,DeliverStraw,DeliverStraw,composite_seen,1986101362,1986101362,1986101362,2550,9,12
fresh-09-13,DeliverStraw,DeliverStraw,composite_seen,1986101363,1986101363,1986101363,2550,9,13
fresh-09-14,DeliverStraw,DeliverStraw,composite_seen,1986101364,1986101364,1986101364,2550,9,14
fresh-09-15,DeliverStraw,DeliverStraw,composite_seen,1986101365,1986101365,1986101365,2550,9,15
fresh-09-16,DeliverStraw,DeliverStraw,composite_seen,1986101366,1986101366,1986101366,2550,9,16
fresh-09-17,DeliverStraw,DeliverStraw,composite_seen,1986101367,1986101367,1986101367,2550,9,17
fresh-09-18,DeliverStraw,DeliverStraw,composite_seen,1986101368,1986101368,1986101368,2550,9,18
fresh-09-19,DeliverStraw,DeliverStraw,composite_seen,1986101369,1986101369,1986101369,2550,9,19
fresh-09-20,DeliverStraw,DeliverStraw,composite_seen,1986101370,1986101370,1986101370,2550,9,20
fresh-09-21,DeliverStraw,DeliverStraw,composite_seen,1986101371,1986101371,1986101371,2550,9,21
fresh-09-22,DeliverStraw,DeliverStraw,composite_seen,1986101372,1986101372,1986101372,2550,9,22
fresh-09-23,DeliverStraw,DeliverStraw,composite_seen,1986101373,1986101373,1986101373,2550,9,23
fresh-09-24,DeliverStraw,DeliverStraw,composite_seen,1986101374,1986101374,1986101374,2550,9,24
fresh-09-25,DeliverStraw,DeliverStraw,composite_seen,1986101375,1986101375,1986101375,2550,9,25
fresh-09-26,DeliverStraw,DeliverStraw,composite_seen,1986101376,1986101376,1986101376,2550,9,26
fresh-09-27,DeliverStraw,DeliverStraw,composite_seen,1986101377,1986101377,1986101377,2550,9,27
fresh-09-28,DeliverStraw,DeliverStraw,composite_seen,1986101378,1986101378,1986101378,2550,9,28
fresh-09-29,DeliverStraw,DeliverStraw,composite_seen,1986101379,1986101379,1986101379,2550,9,29
fresh-09-30,DeliverStraw,DeliverStraw,composite_seen,1986101380,1986101380,1986101380,2550,9,30
fresh-09-31,DeliverStraw,DeliverStraw,composite_seen,1986101381,1986101381,1986101381,2550,9,31
fresh-09-32,DeliverStraw,DeliverStraw,composite_seen,1986101382,1986101382,1986101382,2550,9,32
fresh-09-33,DeliverStraw,DeliverStraw,composite_seen,1986101383,1986101383,1986101383,2550,9,33
fresh-09-34,DeliverStraw,DeliverStraw,composite_seen,1986101384,1986101384,1986101384,2550,9,34
fresh-09-35,DeliverStraw,DeliverStraw,composite_seen,1986101385,1986101385,1986101385,2550,9,35
fresh-09-36,DeliverStraw,DeliverStraw,composite_seen,1986101386,1986101386,1986101386,2550,9,36
fresh-09-37,DeliverStraw,DeliverStraw,composite_seen,1986101387,1986101387,1986101387,2550,9,37
fresh-09-38,DeliverStraw,DeliverStraw,composite_seen,1986101388,1986101388,1986101388,2550,9,38
fresh-09-39,DeliverStraw,DeliverStraw,composite_seen,1986101389,1986101389,1986101389,2550,9,39
fresh-09-40,DeliverStraw,DeliverStraw,composite_seen,1986101390,1986101390,1986101390,2550,9,40
fresh-09-41,DeliverStraw,DeliverStraw,composite_seen,1986101391,1986101391,1986101391,2550,9,41
fresh-09-42,DeliverStraw,DeliverStraw,composite_seen,1986101392,1986101392,1986101392,2550,9,42
fresh-09-43,DeliverStraw,DeliverStraw,composite_seen,1986101393,1986101393,1986101393,2550,9,43
fresh-09-44,DeliverStraw,DeliverStraw,composite_seen,1986101394,1986101394,1986101394,2550,9,44
fresh-09-45,DeliverStraw,DeliverStraw,composite_seen,1986101395,1986101395,1986101395,2550,9,45
fresh-09-46,DeliverStraw,DeliverStraw,composite_seen,1986101396,1986101396,1986101396,2550,9,46
fresh-09-47,DeliverStraw,DeliverStraw,composite_seen,1986101397,1986101397,1986101397,2550,9,47
fresh-09-48,DeliverStraw,DeliverStraw,composite_seen,1986101398,1986101398,1986101398,2550,9,48
fresh-09-49,DeliverStraw,DeliverStraw,composite_seen,1986101399,1986101399,1986101399,2550,9,49
fresh-10-00,GarnishPancake,GarnishPancake,composite_unseen,1986101400,1986101400,1986101400,2700,10,0
fresh-10-01,GarnishPancake,GarnishPancake,composite_unseen,1986101401,1986101401,1986101401,2700,10,1
fresh-10-02,GarnishPancake,GarnishPancake,composite_unseen,1986101402,1986101402,1986101402,2700,10,2
fresh-10-03,GarnishPancake,GarnishPancake,composite_unseen,1986101403,1986101403,1986101403,2700,10,3
fresh-10-04,GarnishPancake,GarnishPancake,composite_unseen,1986101404,1986101404,1986101404,2700,10,4
fresh-10-05,GarnishPancake,GarnishPancake,composite_unseen,1986101405,1986101405,1986101405,2700,10,5
fresh-10-06,GarnishPancake,GarnishPancake,composite_unseen,1986101406,1986101406,1986101406,2700,10,6
fresh-10-07,GarnishPancake,GarnishPancake,composite_unseen,1986101407,1986101407,1986101407,2700,10,7
fresh-10-08,GarnishPancake,GarnishPancake,composite_unseen,1986101408,1986101408,1986101408,2700,10,8
fresh-10-09,GarnishPancake,GarnishPancake,composite_unseen,1986101409,1986101409,1986101409,2700,10,9
fresh-10-10,GarnishPancake,GarnishPancake,composite_unseen,1986101410,1986101410,1986101410,2700,10,10
fresh-10-11,GarnishPancake,GarnishPancake,composite_unseen,1986101411,1986101411,1986101411,2700,10,11
fresh-10-12,GarnishPancake,GarnishPancake,composite_unseen,1986101412,1986101412,1986101412,2700,10,12
fresh-10-13,GarnishPancake,GarnishPancake,composite_unseen,1986101413,1986101413,1986101413,2700,10,13
fresh-10-14,GarnishPancake,GarnishPancake,composite_unseen,1986101414,1986101414,1986101414,2700,10,14
fresh-10-15,GarnishPancake,GarnishPancake,composite_unseen,1986101415,1986101415,1986101415,2700,10,15
fresh-10-16,GarnishPancake,GarnishPancake,composite_unseen,1986101416,1986101416,1986101416,2700,10,16
fresh-10-17,GarnishPancake,GarnishPancake,composite_unseen,1986101417,1986101417,1986101417,2700,10,17
fresh-10-18,GarnishPancake,GarnishPancake,composite_unseen,1986101418,1986101418,1986101418,2700,10,18
fresh-10-19,GarnishPancake,GarnishPancake,composite_unseen,1986101419,1986101419,1986101419,2700,10,19
fresh-10-20,GarnishPancake,GarnishPancake,composite_unseen,1986101420,1986101420,1986101420,2700,10,20
fresh-10-21,GarnishPancake,GarnishPancake,composite_unseen,1986101421,1986101421,1986101421,2700,10,21
fresh-10-22,GarnishPancake,GarnishPancake,composite_unseen,1986101422,1986101422,1986101422,2700,10,22
fresh-10-23,GarnishPancake,GarnishPancake,composite_unseen,1986101423,1986101423,1986101423,2700,10,23
fresh-10-24,GarnishPancake,GarnishPancake,composite_unseen,1986101424,1986101424,1986101424,2700,10,24
fresh-10-25,GarnishPancake,GarnishPancake,composite_unseen,1986101425,1986101425,1986101425,2700,10,25
fresh-10-26,GarnishPancake,GarnishPancake,composite_unseen,1986101426,1986101426,1986101426,2700,10,26
fresh-10-27,GarnishPancake,GarnishPancake,composite_unseen,1986101427,1986101427,1986101427,2700,10,27
fresh-10-28,GarnishPancake,GarnishPancake,composite_unseen,1986101428,1986101428,1986101428,2700,10,28
fresh-10-29,GarnishPancake,GarnishPancake,composite_unseen,1986101429,1986101429,1986101429,2700,10,29
fresh-10-30,GarnishPancake,GarnishPancake,composite_unseen,1986101430,1986101430,1986101430,2700,10,30
fresh-10-31,GarnishPancake,GarnishPancake,composite_unseen,1986101431,1986101431,1986101431,2700,10,31
fresh-10-32,GarnishPancake,GarnishPancake,composite_unseen,1986101432,1986101432,1986101432,2700,10,32
fresh-10-33,GarnishPancake,GarnishPancake,composite_unseen,1986101433,1986101433,1986101433,2700,10,33
fresh-10-34,GarnishPancake,GarnishPancake,composite_unseen,1986101434,1986101434,1986101434,2700,10,34
fresh-10-35,GarnishPancake,GarnishPancake,composite_unseen,1986101435,1986101435,1986101435,2700,10,35
fresh-10-36,GarnishPancake,GarnishPancake,composite_unseen,1986101436,1986101436,1986101436,2700,10,36
fresh-10-37,GarnishPancake,GarnishPancake,composite_unseen,1986101437,1986101437,1986101437,2700,10,37
fresh-10-38,GarnishPancake,GarnishPancake,composite_unseen,1986101438,1986101438,1986101438,2700,10,38
fresh-10-39,GarnishPancake,GarnishPancake,composite_unseen,1986101439,1986101439,1986101439,2700,10,39
fresh-10-40,GarnishPancake,GarnishPancake,composite_unseen,1986101440,1986101440,1986101440,2700,10,40
fresh-10-41,GarnishPancake,GarnishPancake,composite_unseen,1986101441,1986101441,1986101441,2700,10,41
fresh-10-42,GarnishPancake,GarnishPancake,composite_unseen,1986101442,1986101442,1986101442,2700,10,42
fresh-10-43,GarnishPancake,GarnishPancake,composite_unseen,1986101443,1986101443,1986101443,2700,10,43
fresh-10-44,GarnishPancake,GarnishPancake,composite_unseen,1986101444,1986101444,1986101444,2700,10,44
fresh-10-45,GarnishPancake,GarnishPancake,composite_unseen,1986101445,1986101445,1986101445,2700,10,45
fresh-10-46,GarnishPancake,GarnishPancake,composite_unseen,1986101446,1986101446,1986101446,2700,10,46
fresh-10-47,GarnishPancake,GarnishPancake,composite_unseen,1986101447,1986101447,1986101447,2700,10,47
fresh-10-48,GarnishPancake,GarnishPancake,composite_unseen,1986101448,1986101448,1986101448,2700,10,48
fresh-10-49,GarnishPancake,GarnishPancake,composite_unseen,1986101449,1986101449,1986101449,2700,10,49
fresh-11-00,GatherTableware,GatherTableware,composite_unseen,1986101450,1986101450,1986101450,2250,11,0
fresh-11-01,GatherTableware,GatherTableware,composite_unseen,1986101451,1986101451,1986101451,2250,11,1
fresh-11-02,GatherTableware,GatherTableware,composite_unseen,1986101452,1986101452,1986101452,2250,11,2
fresh-11-03,GatherTableware,GatherTableware,composite_unseen,1986101453,1986101453,1986101453,2250,11,3
fresh-11-04,GatherTableware,GatherTableware,composite_unseen,1986101454,1986101454,1986101454,2250,11,4
fresh-11-05,GatherTableware,GatherTableware,composite_unseen,1986101455,1986101455,1986101455,2250,11,5
fresh-11-06,GatherTableware,GatherTableware,composite_unseen,1986101456,1986101456,1986101456,2250,11,6
fresh-11-07,GatherTableware,GatherTableware,composite_unseen,1986101457,1986101457,1986101457,2250,11,7
fresh-11-08,GatherTableware,GatherTableware,composite_unseen,1986101458,1986101458,1986101458,2250,11,8
fresh-11-09,GatherTableware,GatherTableware,composite_unseen,1986101459,1986101459,1986101459,2250,11,9
fresh-11-10,GatherTableware,GatherTableware,composite_unseen,1986101460,1986101460,1986101460,2250,11,10
fresh-11-11,GatherTableware,GatherTableware,composite_unseen,1986101461,1986101461,1986101461,2250,11,11
fresh-11-12,GatherTableware,GatherTableware,composite_unseen,1986101462,1986101462,1986101462,2250,11,12
fresh-11-13,GatherTableware,GatherTableware,composite_unseen,1986101463,1986101463,1986101463,2250,11,13
fresh-11-14,GatherTableware,GatherTableware,composite_unseen,1986101464,1986101464,1986101464,2250,11,14
fresh-11-15,GatherTableware,GatherTableware,composite_unseen,1986101465,1986101465,1986101465,2250,11,15
fresh-11-16,GatherTableware,GatherTableware,composite_unseen,1986101466,1986101466,1986101466,2250,11,16
fresh-11-17,GatherTableware,GatherTableware,composite_unseen,1986101467,1986101467,1986101467,2250,11,17
fresh-11-18,GatherTableware,GatherTableware,composite_unseen,1986101468,1986101468,1986101468,2250,11,18
fresh-11-19,GatherTableware,GatherTableware,composite_unseen,1986101469,1986101469,1986101469,2250,11,19
fresh-11-20,GatherTableware,GatherTableware,composite_unseen,1986101470,1986101470,1986101470,2250,11,20
fresh-11-21,GatherTableware,GatherTableware,composite_unseen,1986101471,1986101471,1986101471,2250,11,21
fresh-11-22,GatherTableware,GatherTableware,composite_unseen,1986101472,1986101472,1986101472,2250,11,22
fresh-11-23,GatherTableware,GatherTableware,composite_unseen,1986101473,1986101473,1986101473,2250,11,23
fresh-11-24,GatherTableware,GatherTableware,composite_unseen,1986101474,1986101474,1986101474,2250,11,24
fresh-11-25,GatherTableware,GatherTableware,composite_unseen,1986101475,1986101475,1986101475,2250,11,25
fresh-11-26,GatherTableware,GatherTableware,composite_unseen,1986101476,1986101476,1986101476,2250,11,26
fresh-11-27,GatherTableware,GatherTableware,composite_unseen,1986101477,1986101477,1986101477,2250,11,27
fresh-11-28,GatherTableware,GatherTableware,composite_unseen,1986101478,1986101478,1986101478,2250,11,28
fresh-11-29,GatherTableware,GatherTableware,composite_unseen,1986101479,1986101479,1986101479,2250,11,29
fresh-11-30,GatherTableware,GatherTableware,composite_unseen,1986101480,1986101480,1986101480,2250,11,30
fresh-11-31,GatherTableware,GatherTableware,composite_unseen,1986101481,1986101481,1986101481,2250,11,31
fresh-11-32,GatherTableware,GatherTableware,composite_unseen,1986101482,1986101482,1986101482,2250,11,32
fresh-11-33,GatherTableware,GatherTableware,composite_unseen,1986101483,1986101483,1986101483,2250,11,33
fresh-11-34,GatherTableware,GatherTableware,composite_unseen,1986101484,1986101484,1986101484,2250,11,34
fresh-11-35,GatherTableware,GatherTableware,composite_unseen,1986101485,1986101485,1986101485,2250,11,35
fresh-11-36,GatherTableware,GatherTableware,composite_unseen,1986101486,1986101486,1986101486,2250,11,36
fresh-11-37,GatherTableware,GatherTableware,composite_unseen,1986101487,1986101487,1986101487,2250,11,37
fresh-11-38,GatherTableware,GatherTableware,composite_unseen,1986101488,1986101488,1986101488,2250,11,38
fresh-11-39,GatherTableware,GatherTableware,composite_unseen,1986101489,1986101489,1986101489,2250,11,39
fresh-11-40,GatherTableware,GatherTableware,composite_unseen,1986101490,1986101490,1986101490,2250,11,40
fresh-11-41,GatherTableware,GatherTableware,composite_unseen,1986101491,1986101491,1986101491,2250,11,41
fresh-11-42,GatherTableware,GatherTableware,composite_unseen,1986101492,1986101492,1986101492,2250,11,42
fresh-11-43,GatherTableware,GatherTableware,composite_unseen,1986101493,1986101493,1986101493,2250,11,43
fresh-11-44,GatherTableware,GatherTableware,composite_unseen,1986101494,1986101494,1986101494,2250,11,44
fresh-11-45,GatherTableware,GatherTableware,composite_unseen,1986101495,1986101495,1986101495,2250,11,45
fresh-11-46,GatherTableware,GatherTableware,composite_unseen,1986101496,1986101496,1986101496,2250,11,46
fresh-11-47,GatherTableware,GatherTableware,composite_unseen,1986101497,1986101497,1986101497,2250,11,47
fresh-11-48,GatherTableware,GatherTableware,composite_unseen,1986101498,1986101498,1986101498,2250,11,48
fresh-11-49,GatherTableware,GatherTableware,composite_unseen,1986101499,1986101499,1986101499,2250,11,49
fresh-12-00,GetToastedBread,GetToastedBread,composite_seen,1986101500,1986101500,1986101500,3000,12,0
fresh-12-01,GetToastedBread,GetToastedBread,composite_seen,1986101501,1986101501,1986101501,3000,12,1
fresh-12-02,GetToastedBread,GetToastedBread,composite_seen,1986101502,1986101502,1986101502,3000,12,2
fresh-12-03,GetToastedBread,GetToastedBread,composite_seen,1986101503,1986101503,1986101503,3000,12,3
fresh-12-04,GetToastedBread,GetToastedBread,composite_seen,1986101504,1986101504,1986101504,3000,12,4
fresh-12-05,GetToastedBread,GetToastedBread,composite_seen,1986101505,1986101505,1986101505,3000,12,5
fresh-12-06,GetToastedBread,GetToastedBread,composite_seen,1986101506,1986101506,1986101506,3000,12,6
fresh-12-07,GetToastedBread,GetToastedBread,composite_seen,1986101507,1986101507,1986101507,3000,12,7
fresh-12-08,GetToastedBread,GetToastedBread,composite_seen,1986101508,1986101508,1986101508,3000,12,8
fresh-12-09,GetToastedBread,GetToastedBread,composite_seen,1986101509,1986101509,1986101509,3000,12,9
fresh-12-10,GetToastedBread,GetToastedBread,composite_seen,1986101510,1986101510,1986101510,3000,12,10
fresh-12-11,GetToastedBread,GetToastedBread,composite_seen,1986101511,1986101511,1986101511,3000,12,11
fresh-12-12,GetToastedBread,GetToastedBread,composite_seen,1986101512,1986101512,1986101512,3000,12,12
fresh-12-13,GetToastedBread,GetToastedBread,composite_seen,1986101513,1986101513,1986101513,3000,12,13
fresh-12-14,GetToastedBread,GetToastedBread,composite_seen,1986101514,1986101514,1986101514,3000,12,14
fresh-12-15,GetToastedBread,GetToastedBread,composite_seen,1986101515,1986101515,1986101515,3000,12,15
fresh-12-16,GetToastedBread,GetToastedBread,composite_seen,1986101516,1986101516,1986101516,3000,12,16
fresh-12-17,GetToastedBread,GetToastedBread,composite_seen,1986101517,1986101517,1986101517,3000,12,17
fresh-12-18,GetToastedBread,GetToastedBread,composite_seen,1986101518,1986101518,1986101518,3000,12,18
fresh-12-19,GetToastedBread,GetToastedBread,composite_seen,1986101519,1986101519,1986101519,3000,12,19
fresh-12-20,GetToastedBread,GetToastedBread,composite_seen,1986101520,1986101520,1986101520,3000,12,20
fresh-12-21,GetToastedBread,GetToastedBread,composite_seen,1986101521,1986101521,1986101521,3000,12,21
fresh-12-22,GetToastedBread,GetToastedBread,composite_seen,1986101522,1986101522,1986101522,3000,12,22
fresh-12-23,GetToastedBread,GetToastedBread,composite_seen,1986101523,1986101523,1986101523,3000,12,23
fresh-12-24,GetToastedBread,GetToastedBread,composite_seen,1986101524,1986101524,1986101524,3000,12,24
fresh-12-25,GetToastedBread,GetToastedBread,composite_seen,1986101525,1986101525,1986101525,3000,12,25
fresh-12-26,GetToastedBread,GetToastedBread,composite_seen,1986101526,1986101526,1986101526,3000,12,26
fresh-12-27,GetToastedBread,GetToastedBread,composite_seen,1986101527,1986101527,1986101527,3000,12,27
fresh-12-28,GetToastedBread,GetToastedBread,composite_seen,1986101528,1986101528,1986101528,3000,12,28
fresh-12-29,GetToastedBread,GetToastedBread,composite_seen,1986101529,1986101529,1986101529,3000,12,29
fresh-12-30,GetToastedBread,GetToastedBread,composite_seen,1986101530,1986101530,1986101530,3000,12,30
fresh-12-31,GetToastedBread,GetToastedBread,composite_seen,1986101531,1986101531,1986101531,3000,12,31
fresh-12-32,GetToastedBread,GetToastedBread,composite_seen,1986101532,1986101532,1986101532,3000,12,32
fresh-12-33,GetToastedBread,GetToastedBread,composite_seen,1986101533,1986101533,1986101533,3000,12,33
fresh-12-34,GetToastedBread,GetToastedBread,composite_seen,1986101534,1986101534,1986101534,3000,12,34
fresh-12-35,GetToastedBread,GetToastedBread,composite_seen,1986101535,1986101535,1986101535,3000,12,35
fresh-12-36,GetToastedBread,GetToastedBread,composite_seen,1986101536,1986101536,1986101536,3000,12,36
fresh-12-37,GetToastedBread,GetToastedBread,composite_seen,1986101537,1986101537,1986101537,3000,12,37
fresh-12-38,GetToastedBread,GetToastedBread,composite_seen,1986101538,1986101538,1986101538,3000,12,38
fresh-12-39,GetToastedBread,GetToastedBread,composite_seen,1986101539,1986101539,1986101539,3000,12,39
fresh-12-40,GetToastedBread,GetToastedBread,composite_seen,1986101540,1986101540,1986101540,3000,12,40
fresh-12-41,GetToastedBread,GetToastedBread,composite_seen,1986101541,1986101541,1986101541,3000,12,41
fresh-12-42,GetToastedBread,GetToastedBread,composite_seen,1986101542,1986101542,1986101542,3000,12,42
fresh-12-43,GetToastedBread,GetToastedBread,composite_seen,1986101543,1986101543,1986101543,3000,12,43
fresh-12-44,GetToastedBread,GetToastedBread,composite_seen,1986101544,1986101544,1986101544,3000,12,44
fresh-12-45,GetToastedBread,GetToastedBread,composite_seen,1986101545,1986101545,1986101545,3000,12,45
fresh-12-46,GetToastedBread,GetToastedBread,composite_seen,1986101546,1986101546,1986101546,3000,12,46
fresh-12-47,GetToastedBread,GetToastedBread,composite_seen,1986101547,1986101547,1986101547,3000,12,47
fresh-12-48,GetToastedBread,GetToastedBread,composite_seen,1986101548,1986101548,1986101548,3000,12,48
fresh-12-49,GetToastedBread,GetToastedBread,composite_seen,1986101549,1986101549,1986101549,3000,12,49
fresh-13-00,HeatKebabSandwich,HeatKebabSandwich,composite_unseen,1986101550,1986101550,1986101550,2700,13,0
fresh-13-01,HeatKebabSandwich,HeatKebabSandwich,composite_unseen,1986101551,1986101551,1986101551,2700,13,1
fresh-13-02,HeatKebabSandwich,HeatKebabSandwich,composite_unseen,1986101552,1986101552,1986101552,2700,13,2
fresh-13-03,HeatKebabSandwich,HeatKebabSandwich,composite_unseen,1986101553,1986101553,1986101553,2700,13,3
fresh-13-04,HeatKebabSandwich,HeatKebabSandwich,composite_unseen,1986101554,1986101554,1986101554,2700,13,4
fresh-13-05,HeatKebabSandwich,HeatKebabSandwich,composite_unseen,1986101555,1986101555,1986101555,2700,13,5
fresh-13-06,HeatKebabSandwich,HeatKebabSandwich,composite_unseen,1986101556,1986101556,1986101556,2700,13,6
fresh-13-07,HeatKebabSandwich,HeatKebabSandwich,composite_unseen,1986101557,1986101557,1986101557,2700,13,7
fresh-13-08,HeatKebabSandwich,HeatKebabSandwich,composite_unseen,1986101558,1986101558,1986101558,2700,13,8
fresh-13-09,HeatKebabSandwich,HeatKebabSandwich,composite_unseen,1986101559,1986101559,1986101559,2700,13,9
fresh-13-10,HeatKebabSandwich,HeatKebabSandwich,composite_unseen,1986101560,1986101560,1986101560,2700,13,10
fresh-13-11,HeatKebabSandwich,HeatKebabSandwich,composite_unseen,1986101561,1986101561,1986101561,2700,13,11
fresh-13-12,HeatKebabSandwich,HeatKebabSandwich,composite_unseen,1986101562,1986101562,1986101562,2700,13,12
fresh-13-13,HeatKebabSandwich,HeatKebabSandwich,composite_unseen,1986101563,1986101563,1986101563,2700,13,13
fresh-13-14,HeatKebabSandwich,HeatKebabSandwich,composite_unseen,1986101564,1986101564,1986101564,2700,13,14
fresh-13-15,HeatKebabSandwich,HeatKebabSandwich,composite_unseen,1986101565,1986101565,1986101565,2700,13,15
fresh-13-16,HeatKebabSandwich,HeatKebabSandwich,composite_unseen,1986101566,1986101566,1986101566,2700,13,16
fresh-13-17,HeatKebabSandwich,HeatKebabSandwich,composite_unseen,1986101567,1986101567,1986101567,2700,13,17
fresh-13-18,HeatKebabSandwich,HeatKebabSandwich,composite_unseen,1986101568,1986101568,1986101568,2700,13,18
fresh-13-19,HeatKebabSandwich,HeatKebabSandwich,composite_unseen,1986101569,1986101569,1986101569,2700,13,19
fresh-13-20,HeatKebabSandwich,HeatKebabSandwich,composite_unseen,1986101570,1986101570,1986101570,2700,13,20
fresh-13-21,HeatKebabSandwich,HeatKebabSandwich,composite_unseen,1986101571,1986101571,1986101571,2700,13,21
fresh-13-22,HeatKebabSandwich,HeatKebabSandwich,composite_unseen,1986101572,1986101572,1986101572,2700,13,22
fresh-13-23,HeatKebabSandwich,HeatKebabSandwich,composite_unseen,1986101573,1986101573,1986101573,2700,13,23
fresh-13-24,HeatKebabSandwich,HeatKebabSandwich,composite_unseen,1986101574,1986101574,1986101574,2700,13,24
fresh-13-25,HeatKebabSandwich,HeatKebabSandwich,composite_unseen,1986101575,1986101575,1986101575,2700,13,25
fresh-13-26,HeatKebabSandwich,HeatKebabSandwich,composite_unseen,1986101576,1986101576,1986101576,2700,13,26
fresh-13-27,HeatKebabSandwich,HeatKebabSandwich,composite_unseen,1986101577,1986101577,1986101577,2700,13,27
fresh-13-28,HeatKebabSandwich,HeatKebabSandwich,composite_unseen,1986101578,1986101578,1986101578,2700,13,28
fresh-13-29,HeatKebabSandwich,HeatKebabSandwich,composite_unseen,1986101579,1986101579,1986101579,2700,13,29
fresh-13-30,HeatKebabSandwich,HeatKebabSandwich,composite_unseen,1986101580,1986101580,1986101580,2700,13,30
fresh-13-31,HeatKebabSandwich,HeatKebabSandwich,composite_unseen,1986101581,1986101581,1986101581,2700,13,31
fresh-13-32,HeatKebabSandwich,HeatKebabSandwich,composite_unseen,1986101582,1986101582,1986101582,2700,13,32
fresh-13-33,HeatKebabSandwich,HeatKebabSandwich,composite_unseen,1986101583,1986101583,1986101583,2700,13,33
fresh-13-34,HeatKebabSandwich,HeatKebabSandwich,composite_unseen,1986101584,1986101584,1986101584,2700,13,34
fresh-13-35,HeatKebabSandwich,HeatKebabSandwich,composite_unseen,1986101585,1986101585,1986101585,2700,13,35
fresh-13-36,HeatKebabSandwich,HeatKebabSandwich,composite_unseen,1986101586,1986101586,1986101586,2700,13,36
fresh-13-37,HeatKebabSandwich,HeatKebabSandwich,composite_unseen,1986101587,1986101587,1986101587,2700,13,37
fresh-13-38,HeatKebabSandwich,HeatKebabSandwich,composite_unseen,1986101588,1986101588,1986101588,2700,13,38
fresh-13-39,HeatKebabSandwich,HeatKebabSandwich,composite_unseen,1986101589,1986101589,1986101589,2700,13,39
fresh-13-40,HeatKebabSandwich,HeatKebabSandwich,composite_unseen,1986101590,1986101590,1986101590,2700,13,40
fresh-13-41,HeatKebabSandwich,HeatKebabSandwich,composite_unseen,1986101591,1986101591,1986101591,2700,13,41
fresh-13-42,HeatKebabSandwich,HeatKebabSandwich,composite_unseen,1986101592,1986101592,1986101592,2700,13,42
fresh-13-43,HeatKebabSandwich,HeatKebabSandwich,composite_unseen,1986101593,1986101593,1986101593,2700,13,43
fresh-13-44,HeatKebabSandwich,HeatKebabSandwich,composite_unseen,1986101594,1986101594,1986101594,2700,13,44
fresh-13-45,HeatKebabSandwich,HeatKebabSandwich,composite_unseen,1986101595,1986101595,1986101595,2700,13,45
fresh-13-46,HeatKebabSandwich,HeatKebabSandwich,composite_unseen,1986101596,1986101596,1986101596,2700,13,46
fresh-13-47,HeatKebabSandwich,HeatKebabSandwich,composite_unseen,1986101597,1986101597,1986101597,2700,13,47
fresh-13-48,HeatKebabSandwich,HeatKebabSandwich,composite_unseen,1986101598,1986101598,1986101598,2700,13,48
fresh-13-49,HeatKebabSandwich,HeatKebabSandwich,composite_unseen,1986101599,1986101599,1986101599,2700,13,49
fresh-14-00,KettleBoiling,KettleBoiling,composite_seen,1986101600,1986101600,1986101600,1500,14,0
fresh-14-01,KettleBoiling,KettleBoiling,composite_seen,1986101601,1986101601,1986101601,1500,14,1
fresh-14-02,KettleBoiling,KettleBoiling,composite_seen,1986101602,1986101602,1986101602,1500,14,2
fresh-14-03,KettleBoiling,KettleBoiling,composite_seen,1986101603,1986101603,1986101603,1500,14,3
fresh-14-04,KettleBoiling,KettleBoiling,composite_seen,1986101604,1986101604,1986101604,1500,14,4
fresh-14-05,KettleBoiling,KettleBoiling,composite_seen,1986101605,1986101605,1986101605,1500,14,5
fresh-14-06,KettleBoiling,KettleBoiling,composite_seen,1986101606,1986101606,1986101606,1500,14,6
fresh-14-07,KettleBoiling,KettleBoiling,composite_seen,1986101607,1986101607,1986101607,1500,14,7
fresh-14-08,KettleBoiling,KettleBoiling,composite_seen,1986101608,1986101608,1986101608,1500,14,8
fresh-14-09,KettleBoiling,KettleBoiling,composite_seen,1986101609,1986101609,1986101609,1500,14,9
fresh-14-10,KettleBoiling,KettleBoiling,composite_seen,1986101610,1986101610,1986101610,1500,14,10
fresh-14-11,KettleBoiling,KettleBoiling,composite_seen,1986101611,1986101611,1986101611,1500,14,11
fresh-14-12,KettleBoiling,KettleBoiling,composite_seen,1986101612,1986101612,1986101612,1500,14,12
fresh-14-13,KettleBoiling,KettleBoiling,composite_seen,1986101613,1986101613,1986101613,1500,14,13
fresh-14-14,KettleBoiling,KettleBoiling,composite_seen,1986101614,1986101614,1986101614,1500,14,14
fresh-14-15,KettleBoiling,KettleBoiling,composite_seen,1986101615,1986101615,1986101615,1500,14,15
fresh-14-16,KettleBoiling,KettleBoiling,composite_seen,1986101616,1986101616,1986101616,1500,14,16
fresh-14-17,KettleBoiling,KettleBoiling,composite_seen,1986101617,1986101617,1986101617,1500,14,17
fresh-14-18,KettleBoiling,KettleBoiling,composite_seen,1986101618,1986101618,1986101618,1500,14,18
fresh-14-19,KettleBoiling,KettleBoiling,composite_seen,1986101619,1986101619,1986101619,1500,14,19
fresh-14-20,KettleBoiling,KettleBoiling,composite_seen,1986101620,1986101620,1986101620,1500,14,20
fresh-14-21,KettleBoiling,KettleBoiling,composite_seen,1986101621,1986101621,1986101621,1500,14,21
fresh-14-22,KettleBoiling,KettleBoiling,composite_seen,1986101622,1986101622,1986101622,1500,14,22
fresh-14-23,KettleBoiling,KettleBoiling,composite_seen,1986101623,1986101623,1986101623,1500,14,23
fresh-14-24,KettleBoiling,KettleBoiling,composite_seen,1986101624,1986101624,1986101624,1500,14,24
fresh-14-25,KettleBoiling,KettleBoiling,composite_seen,1986101625,1986101625,1986101625,1500,14,25
fresh-14-26,KettleBoiling,KettleBoiling,composite_seen,1986101626,1986101626,1986101626,1500,14,26
fresh-14-27,KettleBoiling,KettleBoiling,composite_seen,1986101627,1986101627,1986101627,1500,14,27
fresh-14-28,KettleBoiling,KettleBoiling,composite_seen,1986101628,1986101628,1986101628,1500,14,28
fresh-14-29,KettleBoiling,KettleBoiling,composite_seen,1986101629,1986101629,1986101629,1500,14,29
fresh-14-30,KettleBoiling,KettleBoiling,composite_seen,1986101630,1986101630,1986101630,1500,14,30
fresh-14-31,KettleBoiling,KettleBoiling,composite_seen,1986101631,1986101631,1986101631,1500,14,31
fresh-14-32,KettleBoiling,KettleBoiling,composite_seen,1986101632,1986101632,1986101632,1500,14,32
fresh-14-33,KettleBoiling,KettleBoiling,composite_seen,1986101633,1986101633,1986101633,1500,14,33
fresh-14-34,KettleBoiling,KettleBoiling,composite_seen,1986101634,1986101634,1986101634,1500,14,34
fresh-14-35,KettleBoiling,KettleBoiling,composite_seen,1986101635,1986101635,1986101635,1500,14,35
fresh-14-36,KettleBoiling,KettleBoiling,composite_seen,1986101636,1986101636,1986101636,1500,14,36
fresh-14-37,KettleBoiling,KettleBoiling,composite_seen,1986101637,1986101637,1986101637,1500,14,37
fresh-14-38,KettleBoiling,KettleBoiling,composite_seen,1986101638,1986101638,1986101638,1500,14,38
fresh-14-39,KettleBoiling,KettleBoiling,composite_seen,1986101639,1986101639,1986101639,1500,14,39
fresh-14-40,KettleBoiling,KettleBoiling,composite_seen,1986101640,1986101640,1986101640,1500,14,40
fresh-14-41,KettleBoiling,KettleBoiling,composite_seen,1986101641,1986101641,1986101641,1500,14,41
fresh-14-42,KettleBoiling,KettleBoiling,composite_seen,1986101642,1986101642,1986101642,1500,14,42
fresh-14-43,KettleBoiling,KettleBoiling,composite_seen,1986101643,1986101643,1986101643,1500,14,43
fresh-14-44,KettleBoiling,KettleBoiling,composite_seen,1986101644,1986101644,1986101644,1500,14,44
fresh-14-45,KettleBoiling,KettleBoiling,composite_seen,1986101645,1986101645,1986101645,1500,14,45
fresh-14-46,KettleBoiling,KettleBoiling,composite_seen,1986101646,1986101646,1986101646,1500,14,46
fresh-14-47,KettleBoiling,KettleBoiling,composite_seen,1986101647,1986101647,1986101647,1500,14,47
fresh-14-48,KettleBoiling,KettleBoiling,composite_seen,1986101648,1986101648,1986101648,1500,14,48
fresh-14-49,KettleBoiling,KettleBoiling,composite_seen,1986101649,1986101649,1986101649,1500,14,49
fresh-15-00,LoadDishwasher,LoadDishwasher,composite_seen,1986101650,1986101650,1986101650,1800,15,0
fresh-15-01,LoadDishwasher,LoadDishwasher,composite_seen,1986101651,1986101651,1986101651,1800,15,1
fresh-15-02,LoadDishwasher,LoadDishwasher,composite_seen,1986101652,1986101652,1986101652,1800,15,2
fresh-15-03,LoadDishwasher,LoadDishwasher,composite_seen,1986101653,1986101653,1986101653,1800,15,3
fresh-15-04,LoadDishwasher,LoadDishwasher,composite_seen,1986101654,1986101654,1986101654,1800,15,4
fresh-15-05,LoadDishwasher,LoadDishwasher,composite_seen,1986101655,1986101655,1986101655,1800,15,5
fresh-15-06,LoadDishwasher,LoadDishwasher,composite_seen,1986101656,1986101656,1986101656,1800,15,6
fresh-15-07,LoadDishwasher,LoadDishwasher,composite_seen,1986101657,1986101657,1986101657,1800,15,7
fresh-15-08,LoadDishwasher,LoadDishwasher,composite_seen,1986101658,1986101658,1986101658,1800,15,8
fresh-15-09,LoadDishwasher,LoadDishwasher,composite_seen,1986101659,1986101659,1986101659,1800,15,9
fresh-15-10,LoadDishwasher,LoadDishwasher,composite_seen,1986101660,1986101660,1986101660,1800,15,10
fresh-15-11,LoadDishwasher,LoadDishwasher,composite_seen,1986101661,1986101661,1986101661,1800,15,11
fresh-15-12,LoadDishwasher,LoadDishwasher,composite_seen,1986101662,1986101662,1986101662,1800,15,12
fresh-15-13,LoadDishwasher,LoadDishwasher,composite_seen,1986101663,1986101663,1986101663,1800,15,13
fresh-15-14,LoadDishwasher,LoadDishwasher,composite_seen,1986101664,1986101664,1986101664,1800,15,14
fresh-15-15,LoadDishwasher,LoadDishwasher,composite_seen,1986101665,1986101665,1986101665,1800,15,15
fresh-15-16,LoadDishwasher,LoadDishwasher,composite_seen,1986101666,1986101666,1986101666,1800,15,16
fresh-15-17,LoadDishwasher,LoadDishwasher,composite_seen,1986101667,1986101667,1986101667,1800,15,17
fresh-15-18,LoadDishwasher,LoadDishwasher,composite_seen,1986101668,1986101668,1986101668,1800,15,18
fresh-15-19,LoadDishwasher,LoadDishwasher,composite_seen,1986101669,1986101669,1986101669,1800,15,19
fresh-15-20,LoadDishwasher,LoadDishwasher,composite_seen,1986101670,1986101670,1986101670,1800,15,20
fresh-15-21,LoadDishwasher,LoadDishwasher,composite_seen,1986101671,1986101671,1986101671,1800,15,21
fresh-15-22,LoadDishwasher,LoadDishwasher,composite_seen,1986101672,1986101672,1986101672,1800,15,22
fresh-15-23,LoadDishwasher,LoadDishwasher,composite_seen,1986101673,1986101673,1986101673,1800,15,23
fresh-15-24,LoadDishwasher,LoadDishwasher,composite_seen,1986101674,1986101674,1986101674,1800,15,24
fresh-15-25,LoadDishwasher,LoadDishwasher,composite_seen,1986101675,1986101675,1986101675,1800,15,25
fresh-15-26,LoadDishwasher,LoadDishwasher,composite_seen,1986101676,1986101676,1986101676,1800,15,26
fresh-15-27,LoadDishwasher,LoadDishwasher,composite_seen,1986101677,1986101677,1986101677,1800,15,27
fresh-15-28,LoadDishwasher,LoadDishwasher,composite_seen,1986101678,1986101678,1986101678,1800,15,28
fresh-15-29,LoadDishwasher,LoadDishwasher,composite_seen,1986101679,1986101679,1986101679,1800,15,29
fresh-15-30,LoadDishwasher,LoadDishwasher,composite_seen,1986101680,1986101680,1986101680,1800,15,30
fresh-15-31,LoadDishwasher,LoadDishwasher,composite_seen,1986101681,1986101681,1986101681,1800,15,31
fresh-15-32,LoadDishwasher,LoadDishwasher,composite_seen,1986101682,1986101682,1986101682,1800,15,32
fresh-15-33,LoadDishwasher,LoadDishwasher,composite_seen,1986101683,1986101683,1986101683,1800,15,33
fresh-15-34,LoadDishwasher,LoadDishwasher,composite_seen,1986101684,1986101684,1986101684,1800,15,34
fresh-15-35,LoadDishwasher,LoadDishwasher,composite_seen,1986101685,1986101685,1986101685,1800,15,35
fresh-15-36,LoadDishwasher,LoadDishwasher,composite_seen,1986101686,1986101686,1986101686,1800,15,36
fresh-15-37,LoadDishwasher,LoadDishwasher,composite_seen,1986101687,1986101687,1986101687,1800,15,37
fresh-15-38,LoadDishwasher,LoadDishwasher,composite_seen,1986101688,1986101688,1986101688,1800,15,38
fresh-15-39,LoadDishwasher,LoadDishwasher,composite_seen,1986101689,1986101689,1986101689,1800,15,39
fresh-15-40,LoadDishwasher,LoadDishwasher,composite_seen,1986101690,1986101690,1986101690,1800,15,40
fresh-15-41,LoadDishwasher,LoadDishwasher,composite_seen,1986101691,1986101691,1986101691,1800,15,41
fresh-15-42,LoadDishwasher,LoadDishwasher,composite_seen,1986101692,1986101692,1986101692,1800,15,42
fresh-15-43,LoadDishwasher,LoadDishwasher,composite_seen,1986101693,1986101693,1986101693,1800,15,43
fresh-15-44,LoadDishwasher,LoadDishwasher,composite_seen,1986101694,1986101694,1986101694,1800,15,44
fresh-15-45,LoadDishwasher,LoadDishwasher,composite_seen,1986101695,1986101695,1986101695,1800,15,45
fresh-15-46,LoadDishwasher,LoadDishwasher,composite_seen,1986101696,1986101696,1986101696,1800,15,46
fresh-15-47,LoadDishwasher,LoadDishwasher,composite_seen,1986101697,1986101697,1986101697,1800,15,47
fresh-15-48,LoadDishwasher,LoadDishwasher,composite_seen,1986101698,1986101698,1986101698,1800,15,48
fresh-15-49,LoadDishwasher,LoadDishwasher,composite_seen,1986101699,1986101699,1986101699,1800,15,49
fresh-16-00,MakeIceLemonade,MakeIceLemonade,composite_unseen,1986101700,1986101700,1986101700,3000,16,0
fresh-16-01,MakeIceLemonade,MakeIceLemonade,composite_unseen,1986101701,1986101701,1986101701,3000,16,1
fresh-16-02,MakeIceLemonade,MakeIceLemonade,composite_unseen,1986101702,1986101702,1986101702,3000,16,2
fresh-16-03,MakeIceLemonade,MakeIceLemonade,composite_unseen,1986101703,1986101703,1986101703,3000,16,3
fresh-16-04,MakeIceLemonade,MakeIceLemonade,composite_unseen,1986101704,1986101704,1986101704,3000,16,4
fresh-16-05,MakeIceLemonade,MakeIceLemonade,composite_unseen,1986101705,1986101705,1986101705,3000,16,5
fresh-16-06,MakeIceLemonade,MakeIceLemonade,composite_unseen,1986101706,1986101706,1986101706,3000,16,6
fresh-16-07,MakeIceLemonade,MakeIceLemonade,composite_unseen,1986101707,1986101707,1986101707,3000,16,7
fresh-16-08,MakeIceLemonade,MakeIceLemonade,composite_unseen,1986101708,1986101708,1986101708,3000,16,8
fresh-16-09,MakeIceLemonade,MakeIceLemonade,composite_unseen,1986101709,1986101709,1986101709,3000,16,9
fresh-16-10,MakeIceLemonade,MakeIceLemonade,composite_unseen,1986101710,1986101710,1986101710,3000,16,10
fresh-16-11,MakeIceLemonade,MakeIceLemonade,composite_unseen,1986101711,1986101711,1986101711,3000,16,11
fresh-16-12,MakeIceLemonade,MakeIceLemonade,composite_unseen,1986101712,1986101712,1986101712,3000,16,12
fresh-16-13,MakeIceLemonade,MakeIceLemonade,composite_unseen,1986101713,1986101713,1986101713,3000,16,13
fresh-16-14,MakeIceLemonade,MakeIceLemonade,composite_unseen,1986101714,1986101714,1986101714,3000,16,14
fresh-16-15,MakeIceLemonade,MakeIceLemonade,composite_unseen,1986101715,1986101715,1986101715,3000,16,15
fresh-16-16,MakeIceLemonade,MakeIceLemonade,composite_unseen,1986101716,1986101716,1986101716,3000,16,16
fresh-16-17,MakeIceLemonade,MakeIceLemonade,composite_unseen,1986101717,1986101717,1986101717,3000,16,17
fresh-16-18,MakeIceLemonade,MakeIceLemonade,composite_unseen,1986101718,1986101718,1986101718,3000,16,18
fresh-16-19,MakeIceLemonade,MakeIceLemonade,composite_unseen,1986101719,1986101719,1986101719,3000,16,19
fresh-16-20,MakeIceLemonade,MakeIceLemonade,composite_unseen,1986101720,1986101720,1986101720,3000,16,20
fresh-16-21,MakeIceLemonade,MakeIceLemonade,composite_unseen,1986101721,1986101721,1986101721,3000,16,21
fresh-16-22,MakeIceLemonade,MakeIceLemonade,composite_unseen,1986101722,1986101722,1986101722,3000,16,22
fresh-16-23,MakeIceLemonade,MakeIceLemonade,composite_unseen,1986101723,1986101723,1986101723,3000,16,23
fresh-16-24,MakeIceLemonade,MakeIceLemonade,composite_unseen,1986101724,1986101724,1986101724,3000,16,24
fresh-16-25,MakeIceLemonade,MakeIceLemonade,composite_unseen,1986101725,1986101725,1986101725,3000,16,25
fresh-16-26,MakeIceLemonade,MakeIceLemonade,composite_unseen,1986101726,1986101726,1986101726,3000,16,26
fresh-16-27,MakeIceLemonade,MakeIceLemonade,composite_unseen,1986101727,1986101727,1986101727,3000,16,27
fresh-16-28,MakeIceLemonade,MakeIceLemonade,composite_unseen,1986101728,1986101728,1986101728,3000,16,28
fresh-16-29,MakeIceLemonade,MakeIceLemonade,composite_unseen,1986101729,1986101729,1986101729,3000,16,29
fresh-16-30,MakeIceLemonade,MakeIceLemonade,composite_unseen,1986101730,1986101730,1986101730,3000,16,30
fresh-16-31,MakeIceLemonade,MakeIceLemonade,composite_unseen,1986101731,1986101731,1986101731,3000,16,31
fresh-16-32,MakeIceLemonade,MakeIceLemonade,composite_unseen,1986101732,1986101732,1986101732,3000,16,32
fresh-16-33,MakeIceLemonade,MakeIceLemonade,composite_unseen,1986101733,1986101733,1986101733,3000,16,33
fresh-16-34,MakeIceLemonade,MakeIceLemonade,composite_unseen,1986101734,1986101734,1986101734,3000,16,34
fresh-16-35,MakeIceLemonade,MakeIceLemonade,composite_unseen,1986101735,1986101735,1986101735,3000,16,35
fresh-16-36,MakeIceLemonade,MakeIceLemonade,composite_unseen,1986101736,1986101736,1986101736,3000,16,36
fresh-16-37,MakeIceLemonade,MakeIceLemonade,composite_unseen,1986101737,1986101737,1986101737,3000,16,37
fresh-16-38,MakeIceLemonade,MakeIceLemonade,composite_unseen,1986101738,1986101738,1986101738,3000,16,38
fresh-16-39,MakeIceLemonade,MakeIceLemonade,composite_unseen,1986101739,1986101739,1986101739,3000,16,39
fresh-16-40,MakeIceLemonade,MakeIceLemonade,composite_unseen,1986101740,1986101740,1986101740,3000,16,40
fresh-16-41,MakeIceLemonade,MakeIceLemonade,composite_unseen,1986101741,1986101741,1986101741,3000,16,41
fresh-16-42,MakeIceLemonade,MakeIceLemonade,composite_unseen,1986101742,1986101742,1986101742,3000,16,42
fresh-16-43,MakeIceLemonade,MakeIceLemonade,composite_unseen,1986101743,1986101743,1986101743,3000,16,43
fresh-16-44,MakeIceLemonade,MakeIceLemonade,composite_unseen,1986101744,1986101744,1986101744,3000,16,44
fresh-16-45,MakeIceLemonade,MakeIceLemonade,composite_unseen,1986101745,1986101745,1986101745,3000,16,45
fresh-16-46,MakeIceLemonade,MakeIceLemonade,composite_unseen,1986101746,1986101746,1986101746,3000,16,46
fresh-16-47,MakeIceLemonade,MakeIceLemonade,composite_unseen,1986101747,1986101747,1986101747,3000,16,47
fresh-16-48,MakeIceLemonade,MakeIceLemonade,composite_unseen,1986101748,1986101748,1986101748,3000,16,48
fresh-16-49,MakeIceLemonade,MakeIceLemonade,composite_unseen,1986101749,1986101749,1986101749,3000,16,49
fresh-17-00,NavigateKitchen,NavigateKitchen,atomic_seen,1986101750,1986101750,1986101750,450,17,0
fresh-17-01,NavigateKitchen,NavigateKitchen,atomic_seen,1986101751,1986101751,1986101751,450,17,1
fresh-17-02,NavigateKitchen,NavigateKitchen,atomic_seen,1986101752,1986101752,1986101752,450,17,2
fresh-17-03,NavigateKitchen,NavigateKitchen,atomic_seen,1986101753,1986101753,1986101753,450,17,3
fresh-17-04,NavigateKitchen,NavigateKitchen,atomic_seen,1986101754,1986101754,1986101754,450,17,4
fresh-17-05,NavigateKitchen,NavigateKitchen,atomic_seen,1986101755,1986101755,1986101755,450,17,5
fresh-17-06,NavigateKitchen,NavigateKitchen,atomic_seen,1986101756,1986101756,1986101756,450,17,6
fresh-17-07,NavigateKitchen,NavigateKitchen,atomic_seen,1986101757,1986101757,1986101757,450,17,7
fresh-17-08,NavigateKitchen,NavigateKitchen,atomic_seen,1986101758,1986101758,1986101758,450,17,8
fresh-17-09,NavigateKitchen,NavigateKitchen,atomic_seen,1986101759,1986101759,1986101759,450,17,9
fresh-17-10,NavigateKitchen,NavigateKitchen,atomic_seen,1986101760,1986101760,1986101760,450,17,10
fresh-17-11,NavigateKitchen,NavigateKitchen,atomic_seen,1986101761,1986101761,1986101761,450,17,11
fresh-17-12,NavigateKitchen,NavigateKitchen,atomic_seen,1986101762,1986101762,1986101762,450,17,12
fresh-17-13,NavigateKitchen,NavigateKitchen,atomic_seen,1986101763,1986101763,1986101763,450,17,13
fresh-17-14,NavigateKitchen,NavigateKitchen,atomic_seen,1986101764,1986101764,1986101764,450,17,14
fresh-17-15,NavigateKitchen,NavigateKitchen,atomic_seen,1986101765,1986101765,1986101765,450,17,15
fresh-17-16,NavigateKitchen,NavigateKitchen,atomic_seen,1986101766,1986101766,1986101766,450,17,16
fresh-17-17,NavigateKitchen,NavigateKitchen,atomic_seen,1986101767,1986101767,1986101767,450,17,17
fresh-17-18,NavigateKitchen,NavigateKitchen,atomic_seen,1986101768,1986101768,1986101768,450,17,18
fresh-17-19,NavigateKitchen,NavigateKitchen,atomic_seen,1986101769,1986101769,1986101769,450,17,19
fresh-17-20,NavigateKitchen,NavigateKitchen,atomic_seen,1986101770,1986101770,1986101770,450,17,20
fresh-17-21,NavigateKitchen,NavigateKitchen,atomic_seen,1986101771,1986101771,1986101771,450,17,21
fresh-17-22,NavigateKitchen,NavigateKitchen,atomic_seen,1986101772,1986101772,1986101772,450,17,22
fresh-17-23,NavigateKitchen,NavigateKitchen,atomic_seen,1986101773,1986101773,1986101773,450,17,23
fresh-17-24,NavigateKitchen,NavigateKitchen,atomic_seen,1986101774,1986101774,1986101774,450,17,24
fresh-17-25,NavigateKitchen,NavigateKitchen,atomic_seen,1986101775,1986101775,1986101775,450,17,25
fresh-17-26,NavigateKitchen,NavigateKitchen,atomic_seen,1986101776,1986101776,1986101776,450,17,26
fresh-17-27,NavigateKitchen,NavigateKitchen,atomic_seen,1986101777,1986101777,1986101777,450,17,27
fresh-17-28,NavigateKitchen,NavigateKitchen,atomic_seen,1986101778,1986101778,1986101778,450,17,28
fresh-17-29,NavigateKitchen,NavigateKitchen,atomic_seen,1986101779,1986101779,1986101779,450,17,29
fresh-17-30,NavigateKitchen,NavigateKitchen,atomic_seen,1986101780,1986101780,1986101780,450,17,30
fresh-17-31,NavigateKitchen,NavigateKitchen,atomic_seen,1986101781,1986101781,1986101781,450,17,31
fresh-17-32,NavigateKitchen,NavigateKitchen,atomic_seen,1986101782,1986101782,1986101782,450,17,32
fresh-17-33,NavigateKitchen,NavigateKitchen,atomic_seen,1986101783,1986101783,1986101783,450,17,33
fresh-17-34,NavigateKitchen,NavigateKitchen,atomic_seen,1986101784,1986101784,1986101784,450,17,34
fresh-17-35,NavigateKitchen,NavigateKitchen,atomic_seen,1986101785,1986101785,1986101785,450,17,35
fresh-17-36,NavigateKitchen,NavigateKitchen,atomic_seen,1986101786,1986101786,1986101786,450,17,36
fresh-17-37,NavigateKitchen,NavigateKitchen,atomic_seen,1986101787,1986101787,1986101787,450,17,37
fresh-17-38,NavigateKitchen,NavigateKitchen,atomic_seen,1986101788,1986101788,1986101788,450,17,38
fresh-17-39,NavigateKitchen,NavigateKitchen,atomic_seen,1986101789,1986101789,1986101789,450,17,39
fresh-17-40,NavigateKitchen,NavigateKitchen,atomic_seen,1986101790,1986101790,1986101790,450,17,40
fresh-17-41,NavigateKitchen,NavigateKitchen,atomic_seen,1986101791,1986101791,1986101791,450,17,41
fresh-17-42,NavigateKitchen,NavigateKitchen,atomic_seen,1986101792,1986101792,1986101792,450,17,42
fresh-17-43,NavigateKitchen,NavigateKitchen,atomic_seen,1986101793,1986101793,1986101793,450,17,43
fresh-17-44,NavigateKitchen,NavigateKitchen,atomic_seen,1986101794,1986101794,1986101794,450,17,44
fresh-17-45,NavigateKitchen,NavigateKitchen,atomic_seen,1986101795,1986101795,1986101795,450,17,45
fresh-17-46,NavigateKitchen,NavigateKitchen,atomic_seen,1986101796,1986101796,1986101796,450,17,46
fresh-17-47,NavigateKitchen,NavigateKitchen,atomic_seen,1986101797,1986101797,1986101797,450,17,47
fresh-17-48,NavigateKitchen,NavigateKitchen,atomic_seen,1986101798,1986101798,1986101798,450,17,48
fresh-17-49,NavigateKitchen,NavigateKitchen,atomic_seen,1986101799,1986101799,1986101799,450,17,49
fresh-18-00,OpenCabinet,OpenCabinet,atomic_seen,1986101800,1986101800,1986101800,1050,18,0
fresh-18-01,OpenCabinet,OpenCabinet,atomic_seen,1986101801,1986101801,1986101801,1050,18,1
fresh-18-02,OpenCabinet,OpenCabinet,atomic_seen,1986101802,1986101802,1986101802,1050,18,2
fresh-18-03,OpenCabinet,OpenCabinet,atomic_seen,1986101803,1986101803,1986101803,1050,18,3
fresh-18-04,OpenCabinet,OpenCabinet,atomic_seen,1986101804,1986101804,1986101804,1050,18,4
fresh-18-05,OpenCabinet,OpenCabinet,atomic_seen,1986101805,1986101805,1986101805,1050,18,5
fresh-18-06,OpenCabinet,OpenCabinet,atomic_seen,1986101806,1986101806,1986101806,1050,18,6
fresh-18-07,OpenCabinet,OpenCabinet,atomic_seen,1986101807,1986101807,1986101807,1050,18,7
fresh-18-08,OpenCabinet,OpenCabinet,atomic_seen,1986101808,1986101808,1986101808,1050,18,8
fresh-18-09,OpenCabinet,OpenCabinet,atomic_seen,1986101809,1986101809,1986101809,1050,18,9
fresh-18-10,OpenCabinet,OpenCabinet,atomic_seen,1986101810,1986101810,1986101810,1050,18,10
fresh-18-11,OpenCabinet,OpenCabinet,atomic_seen,1986101811,1986101811,1986101811,1050,18,11
fresh-18-12,OpenCabinet,OpenCabinet,atomic_seen,1986101812,1986101812,1986101812,1050,18,12
fresh-18-13,OpenCabinet,OpenCabinet,atomic_seen,1986101813,1986101813,1986101813,1050,18,13
fresh-18-14,OpenCabinet,OpenCabinet,atomic_seen,1986101814,1986101814,1986101814,1050,18,14
fresh-18-15,OpenCabinet,OpenCabinet,atomic_seen,1986101815,1986101815,1986101815,1050,18,15
fresh-18-16,OpenCabinet,OpenCabinet,atomic_seen,1986101816,1986101816,1986101816,1050,18,16
fresh-18-17,OpenCabinet,OpenCabinet,atomic_seen,1986101817,1986101817,1986101817,1050,18,17
fresh-18-18,OpenCabinet,OpenCabinet,atomic_seen,1986101818,1986101818,1986101818,1050,18,18
fresh-18-19,OpenCabinet,OpenCabinet,atomic_seen,1986101819,1986101819,1986101819,1050,18,19
fresh-18-20,OpenCabinet,OpenCabinet,atomic_seen,1986101820,1986101820,1986101820,1050,18,20
fresh-18-21,OpenCabinet,OpenCabinet,atomic_seen,1986101821,1986101821,1986101821,1050,18,21
fresh-18-22,OpenCabinet,OpenCabinet,atomic_seen,1986101822,1986101822,1986101822,1050,18,22
fresh-18-23,OpenCabinet,OpenCabinet,atomic_seen,1986101823,1986101823,1986101823,1050,18,23
fresh-18-24,OpenCabinet,OpenCabinet,atomic_seen,1986101824,1986101824,1986101824,1050,18,24
fresh-18-25,OpenCabinet,OpenCabinet,atomic_seen,1986101825,1986101825,1986101825,1050,18,25
fresh-18-26,OpenCabinet,OpenCabinet,atomic_seen,1986101826,1986101826,1986101826,1050,18,26
fresh-18-27,OpenCabinet,OpenCabinet,atomic_seen,1986101827,1986101827,1986101827,1050,18,27
fresh-18-28,OpenCabinet,OpenCabinet,atomic_seen,1986101828,1986101828,1986101828,1050,18,28
fresh-18-29,OpenCabinet,OpenCabinet,atomic_seen,1986101829,1986101829,1986101829,1050,18,29
fresh-18-30,OpenCabinet,OpenCabinet,atomic_seen,1986101830,1986101830,1986101830,1050,18,30
fresh-18-31,OpenCabinet,OpenCabinet,atomic_seen,1986101831,1986101831,1986101831,1050,18,31
fresh-18-32,OpenCabinet,OpenCabinet,atomic_seen,1986101832,1986101832,1986101832,1050,18,32
fresh-18-33,OpenCabinet,OpenCabinet,atomic_seen,1986101833,1986101833,1986101833,1050,18,33
fresh-18-34,OpenCabinet,OpenCabinet,atomic_seen,1986101834,1986101834,1986101834,1050,18,34
fresh-18-35,OpenCabinet,OpenCabinet,atomic_seen,1986101835,1986101835,1986101835,1050,18,35
fresh-18-36,OpenCabinet,OpenCabinet,atomic_seen,1986101836,1986101836,1986101836,1050,18,36
fresh-18-37,OpenCabinet,OpenCabinet,atomic_seen,1986101837,1986101837,1986101837,1050,18,37
fresh-18-38,OpenCabinet,OpenCabinet,atomic_seen,1986101838,1986101838,1986101838,1050,18,38
fresh-18-39,OpenCabinet,OpenCabinet,atomic_seen,1986101839,1986101839,1986101839,1050,18,39
fresh-18-40,OpenCabinet,OpenCabinet,atomic_seen,1986101840,1986101840,1986101840,1050,18,40
fresh-18-41,OpenCabinet,OpenCabinet,atomic_seen,1986101841,1986101841,1986101841,1050,18,41
fresh-18-42,OpenCabinet,OpenCabinet,atomic_seen,1986101842,1986101842,1986101842,1050,18,42
fresh-18-43,OpenCabinet,OpenCabinet,atomic_seen,1986101843,1986101843,1986101843,1050,18,43
fresh-18-44,OpenCabinet,OpenCabinet,atomic_seen,1986101844,1986101844,1986101844,1050,18,44
fresh-18-45,OpenCabinet,OpenCabinet,atomic_seen,1986101845,1986101845,1986101845,1050,18,45
fresh-18-46,OpenCabinet,OpenCabinet,atomic_seen,1986101846,1986101846,1986101846,1050,18,46
fresh-18-47,OpenCabinet,OpenCabinet,atomic_seen,1986101847,1986101847,1986101847,1050,18,47
fresh-18-48,OpenCabinet,OpenCabinet,atomic_seen,1986101848,1986101848,1986101848,1050,18,48
fresh-18-49,OpenCabinet,OpenCabinet,atomic_seen,1986101849,1986101849,1986101849,1050,18,49
fresh-19-00,OpenDrawer,OpenDrawer,atomic_seen,1986101850,1986101850,1986101850,750,19,0
fresh-19-01,OpenDrawer,OpenDrawer,atomic_seen,1986101851,1986101851,1986101851,750,19,1
fresh-19-02,OpenDrawer,OpenDrawer,atomic_seen,1986101852,1986101852,1986101852,750,19,2
fresh-19-03,OpenDrawer,OpenDrawer,atomic_seen,1986101853,1986101853,1986101853,750,19,3
fresh-19-04,OpenDrawer,OpenDrawer,atomic_seen,1986101854,1986101854,1986101854,750,19,4
fresh-19-05,OpenDrawer,OpenDrawer,atomic_seen,1986101855,1986101855,1986101855,750,19,5
fresh-19-06,OpenDrawer,OpenDrawer,atomic_seen,1986101856,1986101856,1986101856,750,19,6
fresh-19-07,OpenDrawer,OpenDrawer,atomic_seen,1986101857,1986101857,1986101857,750,19,7
fresh-19-08,OpenDrawer,OpenDrawer,atomic_seen,1986101858,1986101858,1986101858,750,19,8
fresh-19-09,OpenDrawer,OpenDrawer,atomic_seen,1986101859,1986101859,1986101859,750,19,9
fresh-19-10,OpenDrawer,OpenDrawer,atomic_seen,1986101860,1986101860,1986101860,750,19,10
fresh-19-11,OpenDrawer,OpenDrawer,atomic_seen,1986101861,1986101861,1986101861,750,19,11
fresh-19-12,OpenDrawer,OpenDrawer,atomic_seen,1986101862,1986101862,1986101862,750,19,12
fresh-19-13,OpenDrawer,OpenDrawer,atomic_seen,1986101863,1986101863,1986101863,750,19,13
fresh-19-14,OpenDrawer,OpenDrawer,atomic_seen,1986101864,1986101864,1986101864,750,19,14
fresh-19-15,OpenDrawer,OpenDrawer,atomic_seen,1986101865,1986101865,1986101865,750,19,15
fresh-19-16,OpenDrawer,OpenDrawer,atomic_seen,1986101866,1986101866,1986101866,750,19,16
fresh-19-17,OpenDrawer,OpenDrawer,atomic_seen,1986101867,1986101867,1986101867,750,19,17
fresh-19-18,OpenDrawer,OpenDrawer,atomic_seen,1986101868,1986101868,1986101868,750,19,18
fresh-19-19,OpenDrawer,OpenDrawer,atomic_seen,1986101869,1986101869,1986101869,750,19,19
fresh-19-20,OpenDrawer,OpenDrawer,atomic_seen,1986101870,1986101870,1986101870,750,19,20
fresh-19-21,OpenDrawer,OpenDrawer,atomic_seen,1986101871,1986101871,1986101871,750,19,21
fresh-19-22,OpenDrawer,OpenDrawer,atomic_seen,1986101872,1986101872,1986101872,750,19,22
fresh-19-23,OpenDrawer,OpenDrawer,atomic_seen,1986101873,1986101873,1986101873,750,19,23
fresh-19-24,OpenDrawer,OpenDrawer,atomic_seen,1986101874,1986101874,1986101874,750,19,24
fresh-19-25,OpenDrawer,OpenDrawer,atomic_seen,1986101875,1986101875,1986101875,750,19,25
fresh-19-26,OpenDrawer,OpenDrawer,atomic_seen,1986101876,1986101876,1986101876,750,19,26
fresh-19-27,OpenDrawer,OpenDrawer,atomic_seen,1986101877,1986101877,1986101877,750,19,27
fresh-19-28,OpenDrawer,OpenDrawer,atomic_seen,1986101878,1986101878,1986101878,750,19,28
fresh-19-29,OpenDrawer,OpenDrawer,atomic_seen,1986101879,1986101879,1986101879,750,19,29
fresh-19-30,OpenDrawer,OpenDrawer,atomic_seen,1986101880,1986101880,1986101880,750,19,30
fresh-19-31,OpenDrawer,OpenDrawer,atomic_seen,1986101881,1986101881,1986101881,750,19,31
fresh-19-32,OpenDrawer,OpenDrawer,atomic_seen,1986101882,1986101882,1986101882,750,19,32
fresh-19-33,OpenDrawer,OpenDrawer,atomic_seen,1986101883,1986101883,1986101883,750,19,33
fresh-19-34,OpenDrawer,OpenDrawer,atomic_seen,1986101884,1986101884,1986101884,750,19,34
fresh-19-35,OpenDrawer,OpenDrawer,atomic_seen,1986101885,1986101885,1986101885,750,19,35
fresh-19-36,OpenDrawer,OpenDrawer,atomic_seen,1986101886,1986101886,1986101886,750,19,36
fresh-19-37,OpenDrawer,OpenDrawer,atomic_seen,1986101887,1986101887,1986101887,750,19,37
fresh-19-38,OpenDrawer,OpenDrawer,atomic_seen,1986101888,1986101888,1986101888,750,19,38
fresh-19-39,OpenDrawer,OpenDrawer,atomic_seen,1986101889,1986101889,1986101889,750,19,39
fresh-19-40,OpenDrawer,OpenDrawer,atomic_seen,1986101890,1986101890,1986101890,750,19,40
fresh-19-41,OpenDrawer,OpenDrawer,atomic_seen,1986101891,1986101891,1986101891,750,19,41
fresh-19-42,OpenDrawer,OpenDrawer,atomic_seen,1986101892,1986101892,1986101892,750,19,42
fresh-19-43,OpenDrawer,OpenDrawer,atomic_seen,1986101893,1986101893,1986101893,750,19,43
fresh-19-44,OpenDrawer,OpenDrawer,atomic_seen,1986101894,1986101894,1986101894,750,19,44
fresh-19-45,OpenDrawer,OpenDrawer,atomic_seen,1986101895,1986101895,1986101895,750,19,45
fresh-19-46,OpenDrawer,OpenDrawer,atomic_seen,1986101896,1986101896,1986101896,750,19,46
fresh-19-47,OpenDrawer,OpenDrawer,atomic_seen,1986101897,1986101897,1986101897,750,19,47
fresh-19-48,OpenDrawer,OpenDrawer,atomic_seen,1986101898,1986101898,1986101898,750,19,48
fresh-19-49,OpenDrawer,OpenDrawer,atomic_seen,1986101899,1986101899,1986101899,750,19,49
fresh-20-00,OpenStandMixerHead,OpenStandMixerHead,atomic_seen,1986101900,1986101900,1986101900,450,20,0
fresh-20-01,OpenStandMixerHead,OpenStandMixerHead,atomic_seen,1986101901,1986101901,1986101901,450,20,1
fresh-20-02,OpenStandMixerHead,OpenStandMixerHead,atomic_seen,1986101902,1986101902,1986101902,450,20,2
fresh-20-03,OpenStandMixerHead,OpenStandMixerHead,atomic_seen,1986101903,1986101903,1986101903,450,20,3
fresh-20-04,OpenStandMixerHead,OpenStandMixerHead,atomic_seen,1986101904,1986101904,1986101904,450,20,4
fresh-20-05,OpenStandMixerHead,OpenStandMixerHead,atomic_seen,1986101905,1986101905,1986101905,450,20,5
fresh-20-06,OpenStandMixerHead,OpenStandMixerHead,atomic_seen,1986101906,1986101906,1986101906,450,20,6
fresh-20-07,OpenStandMixerHead,OpenStandMixerHead,atomic_seen,1986101907,1986101907,1986101907,450,20,7
fresh-20-08,OpenStandMixerHead,OpenStandMixerHead,atomic_seen,1986101908,1986101908,1986101908,450,20,8
fresh-20-09,OpenStandMixerHead,OpenStandMixerHead,atomic_seen,1986101909,1986101909,1986101909,450,20,9
fresh-20-10,OpenStandMixerHead,OpenStandMixerHead,atomic_seen,1986101910,1986101910,1986101910,450,20,10
fresh-20-11,OpenStandMixerHead,OpenStandMixerHead,atomic_seen,1986101911,1986101911,1986101911,450,20,11
fresh-20-12,OpenStandMixerHead,OpenStandMixerHead,atomic_seen,1986101912,1986101912,1986101912,450,20,12
fresh-20-13,OpenStandMixerHead,OpenStandMixerHead,atomic_seen,1986101913,1986101913,1986101913,450,20,13
fresh-20-14,OpenStandMixerHead,OpenStandMixerHead,atomic_seen,1986101914,1986101914,1986101914,450,20,14
fresh-20-15,OpenStandMixerHead,OpenStandMixerHead,atomic_seen,1986101915,1986101915,1986101915,450,20,15
fresh-20-16,OpenStandMixerHead,OpenStandMixerHead,atomic_seen,1986101916,1986101916,1986101916,450,20,16
fresh-20-17,OpenStandMixerHead,OpenStandMixerHead,atomic_seen,1986101917,1986101917,1986101917,450,20,17
fresh-20-18,OpenStandMixerHead,OpenStandMixerHead,atomic_seen,1986101918,1986101918,1986101918,450,20,18
fresh-20-19,OpenStandMixerHead,OpenStandMixerHead,atomic_seen,1986101919,1986101919,1986101919,450,20,19
fresh-20-20,OpenStandMixerHead,OpenStandMixerHead,atomic_seen,1986101920,1986101920,1986101920,450,20,20
fresh-20-21,OpenStandMixerHead,OpenStandMixerHead,atomic_seen,1986101921,1986101921,1986101921,450,20,21
fresh-20-22,OpenStandMixerHead,OpenStandMixerHead,atomic_seen,1986101922,1986101922,1986101922,450,20,22
fresh-20-23,OpenStandMixerHead,OpenStandMixerHead,atomic_seen,1986101923,1986101923,1986101923,450,20,23
fresh-20-24,OpenStandMixerHead,OpenStandMixerHead,atomic_seen,1986101924,1986101924,1986101924,450,20,24
fresh-20-25,OpenStandMixerHead,OpenStandMixerHead,atomic_seen,1986101925,1986101925,1986101925,450,20,25
fresh-20-26,OpenStandMixerHead,OpenStandMixerHead,atomic_seen,1986101926,1986101926,1986101926,450,20,26
fresh-20-27,OpenStandMixerHead,OpenStandMixerHead,atomic_seen,1986101927,1986101927,1986101927,450,20,27
fresh-20-28,OpenStandMixerHead,OpenStandMixerHead,atomic_seen,1986101928,1986101928,1986101928,450,20,28
fresh-20-29,OpenStandMixerHead,OpenStandMixerHead,atomic_seen,1986101929,1986101929,1986101929,450,20,29
fresh-20-30,OpenStandMixerHead,OpenStandMixerHead,atomic_seen,1986101930,1986101930,1986101930,450,20,30
fresh-20-31,OpenStandMixerHead,OpenStandMixerHead,atomic_seen,1986101931,1986101931,1986101931,450,20,31
fresh-20-32,OpenStandMixerHead,OpenStandMixerHead,atomic_seen,1986101932,1986101932,1986101932,450,20,32
fresh-20-33,OpenStandMixerHead,OpenStandMixerHead,atomic_seen,1986101933,1986101933,1986101933,450,20,33
fresh-20-34,OpenStandMixerHead,OpenStandMixerHead,atomic_seen,1986101934,1986101934,1986101934,450,20,34
fresh-20-35,OpenStandMixerHead,OpenStandMixerHead,atomic_seen,1986101935,1986101935,1986101935,450,20,35
fresh-20-36,OpenStandMixerHead,OpenStandMixerHead,atomic_seen,1986101936,1986101936,1986101936,450,20,36
fresh-20-37,OpenStandMixerHead,OpenStandMixerHead,atomic_seen,1986101937,1986101937,1986101937,450,20,37
fresh-20-38,OpenStandMixerHead,OpenStandMixerHead,atomic_seen,1986101938,1986101938,1986101938,450,20,38
fresh-20-39,OpenStandMixerHead,OpenStandMixerHead,atomic_seen,1986101939,1986101939,1986101939,450,20,39
fresh-20-40,OpenStandMixerHead,OpenStandMixerHead,atomic_seen,1986101940,1986101940,1986101940,450,20,40
fresh-20-41,OpenStandMixerHead,OpenStandMixerHead,atomic_seen,1986101941,1986101941,1986101941,450,20,41
fresh-20-42,OpenStandMixerHead,OpenStandMixerHead,atomic_seen,1986101942,1986101942,1986101942,450,20,42
fresh-20-43,OpenStandMixerHead,OpenStandMixerHead,atomic_seen,1986101943,1986101943,1986101943,450,20,43
fresh-20-44,OpenStandMixerHead,OpenStandMixerHead,atomic_seen,1986101944,1986101944,1986101944,450,20,44
fresh-20-45,OpenStandMixerHead,OpenStandMixerHead,atomic_seen,1986101945,1986101945,1986101945,450,20,45
fresh-20-46,OpenStandMixerHead,OpenStandMixerHead,atomic_seen,1986101946,1986101946,1986101946,450,20,46
fresh-20-47,OpenStandMixerHead,OpenStandMixerHead,atomic_seen,1986101947,1986101947,1986101947,450,20,47
fresh-20-48,OpenStandMixerHead,OpenStandMixerHead,atomic_seen,1986101948,1986101948,1986101948,450,20,48
fresh-20-49,OpenStandMixerHead,OpenStandMixerHead,atomic_seen,1986101949,1986101949,1986101949,450,20,49
fresh-21-00,PackIdenticalLunches,PackIdenticalLunches,composite_seen,1986101950,1986101950,1986101950,3900,21,0
fresh-21-01,PackIdenticalLunches,PackIdenticalLunches,composite_seen,1986101951,1986101951,1986101951,3900,21,1
fresh-21-02,PackIdenticalLunches,PackIdenticalLunches,composite_seen,1986101952,1986101952,1986101952,3900,21,2
fresh-21-03,PackIdenticalLunches,PackIdenticalLunches,composite_seen,1986101953,1986101953,1986101953,3900,21,3
fresh-21-04,PackIdenticalLunches,PackIdenticalLunches,composite_seen,1986101954,1986101954,1986101954,3900,21,4
fresh-21-05,PackIdenticalLunches,PackIdenticalLunches,composite_seen,1986101955,1986101955,1986101955,3900,21,5
fresh-21-06,PackIdenticalLunches,PackIdenticalLunches,composite_seen,1986101956,1986101956,1986101956,3900,21,6
fresh-21-07,PackIdenticalLunches,PackIdenticalLunches,composite_seen,1986101957,1986101957,1986101957,3900,21,7
fresh-21-08,PackIdenticalLunches,PackIdenticalLunches,composite_seen,1986101958,1986101958,1986101958,3900,21,8
fresh-21-09,PackIdenticalLunches,PackIdenticalLunches,composite_seen,1986101959,1986101959,1986101959,3900,21,9
fresh-21-10,PackIdenticalLunches,PackIdenticalLunches,composite_seen,1986101960,1986101960,1986101960,3900,21,10
fresh-21-11,PackIdenticalLunches,PackIdenticalLunches,composite_seen,1986101961,1986101961,1986101961,3900,21,11
fresh-21-12,PackIdenticalLunches,PackIdenticalLunches,composite_seen,1986101962,1986101962,1986101962,3900,21,12
fresh-21-13,PackIdenticalLunches,PackIdenticalLunches,composite_seen,1986101963,1986101963,1986101963,3900,21,13
fresh-21-14,PackIdenticalLunches,PackIdenticalLunches,composite_seen,1986101964,1986101964,1986101964,3900,21,14
fresh-21-15,PackIdenticalLunches,PackIdenticalLunches,composite_seen,1986101965,1986101965,1986101965,3900,21,15
fresh-21-16,PackIdenticalLunches,PackIdenticalLunches,composite_seen,1986101966,1986101966,1986101966,3900,21,16
fresh-21-17,PackIdenticalLunches,PackIdenticalLunches,composite_seen,1986101967,1986101967,1986101967,3900,21,17
fresh-21-18,PackIdenticalLunches,PackIdenticalLunches,composite_seen,1986101968,1986101968,1986101968,3900,21,18
fresh-21-19,PackIdenticalLunches,PackIdenticalLunches,composite_seen,1986101969,1986101969,1986101969,3900,21,19
fresh-21-20,PackIdenticalLunches,PackIdenticalLunches,composite_seen,1986101970,1986101970,1986101970,3900,21,20
fresh-21-21,PackIdenticalLunches,PackIdenticalLunches,composite_seen,1986101971,1986101971,1986101971,3900,21,21
fresh-21-22,PackIdenticalLunches,PackIdenticalLunches,composite_seen,1986101972,1986101972,1986101972,3900,21,22
fresh-21-23,PackIdenticalLunches,PackIdenticalLunches,composite_seen,1986101973,1986101973,1986101973,3900,21,23
fresh-21-24,PackIdenticalLunches,PackIdenticalLunches,composite_seen,1986101974,1986101974,1986101974,3900,21,24
fresh-21-25,PackIdenticalLunches,PackIdenticalLunches,composite_seen,1986101975,1986101975,1986101975,3900,21,25
fresh-21-26,PackIdenticalLunches,PackIdenticalLunches,composite_seen,1986101976,1986101976,1986101976,3900,21,26
fresh-21-27,PackIdenticalLunches,PackIdenticalLunches,composite_seen,1986101977,1986101977,1986101977,3900,21,27
fresh-21-28,PackIdenticalLunches,PackIdenticalLunches,composite_seen,1986101978,1986101978,1986101978,3900,21,28
fresh-21-29,PackIdenticalLunches,PackIdenticalLunches,composite_seen,1986101979,1986101979,1986101979,3900,21,29
fresh-21-30,PackIdenticalLunches,PackIdenticalLunches,composite_seen,1986101980,1986101980,1986101980,3900,21,30
fresh-21-31,PackIdenticalLunches,PackIdenticalLunches,composite_seen,1986101981,1986101981,1986101981,3900,21,31
fresh-21-32,PackIdenticalLunches,PackIdenticalLunches,composite_seen,1986101982,1986101982,1986101982,3900,21,32
fresh-21-33,PackIdenticalLunches,PackIdenticalLunches,composite_seen,1986101983,1986101983,1986101983,3900,21,33
fresh-21-34,PackIdenticalLunches,PackIdenticalLunches,composite_seen,1986101984,1986101984,1986101984,3900,21,34
fresh-21-35,PackIdenticalLunches,PackIdenticalLunches,composite_seen,1986101985,1986101985,1986101985,3900,21,35
fresh-21-36,PackIdenticalLunches,PackIdenticalLunches,composite_seen,1986101986,1986101986,1986101986,3900,21,36
fresh-21-37,PackIdenticalLunches,PackIdenticalLunches,composite_seen,1986101987,1986101987,1986101987,3900,21,37
fresh-21-38,PackIdenticalLunches,PackIdenticalLunches,composite_seen,1986101988,1986101988,1986101988,3900,21,38
fresh-21-39,PackIdenticalLunches,PackIdenticalLunches,composite_seen,1986101989,1986101989,1986101989,3900,21,39
fresh-21-40,PackIdenticalLunches,PackIdenticalLunches,composite_seen,1986101990,1986101990,1986101990,3900,21,40
fresh-21-41,PackIdenticalLunches,PackIdenticalLunches,composite_seen,1986101991,1986101991,1986101991,3900,21,41
fresh-21-42,PackIdenticalLunches,PackIdenticalLunches,composite_seen,1986101992,1986101992,1986101992,3900,21,42
fresh-21-43,PackIdenticalLunches,PackIdenticalLunches,composite_seen,1986101993,1986101993,1986101993,3900,21,43
fresh-21-44,PackIdenticalLunches,PackIdenticalLunches,composite_seen,1986101994,1986101994,1986101994,3900,21,44
fresh-21-45,PackIdenticalLunches,PackIdenticalLunches,composite_seen,1986101995,1986101995,1986101995,3900,21,45
fresh-21-46,PackIdenticalLunches,PackIdenticalLunches,composite_seen,1986101996,1986101996,1986101996,3900,21,46
fresh-21-47,PackIdenticalLunches,PackIdenticalLunches,composite_seen,1986101997,1986101997,1986101997,3900,21,47
fresh-21-48,PackIdenticalLunches,PackIdenticalLunches,composite_seen,1986101998,1986101998,1986101998,3900,21,48
fresh-21-49,PackIdenticalLunches,PackIdenticalLunches,composite_seen,1986101999,1986101999,1986101999,3900,21,49
fresh-22-00,PanTransfer,PanTransfer,composite_unseen,1986102000,1986102000,1986102000,1800,22,0
fresh-22-01,PanTransfer,PanTransfer,composite_unseen,1986102001,1986102001,1986102001,1800,22,1
fresh-22-02,PanTransfer,PanTransfer,composite_unseen,1986102002,1986102002,1986102002,1800,22,2
fresh-22-03,PanTransfer,PanTransfer,composite_unseen,1986102003,1986102003,1986102003,1800,22,3
fresh-22-04,PanTransfer,PanTransfer,composite_unseen,1986102004,1986102004,1986102004,1800,22,4
fresh-22-05,PanTransfer,PanTransfer,composite_unseen,1986102005,1986102005,1986102005,1800,22,5
fresh-22-06,PanTransfer,PanTransfer,composite_unseen,1986102006,1986102006,1986102006,1800,22,6
fresh-22-07,PanTransfer,PanTransfer,composite_unseen,1986102007,1986102007,1986102007,1800,22,7
fresh-22-08,PanTransfer,PanTransfer,composite_unseen,1986102008,1986102008,1986102008,1800,22,8
fresh-22-09,PanTransfer,PanTransfer,composite_unseen,1986102009,1986102009,1986102009,1800,22,9
fresh-22-10,PanTransfer,PanTransfer,composite_unseen,1986102010,1986102010,1986102010,1800,22,10
fresh-22-11,PanTransfer,PanTransfer,composite_unseen,1986102011,1986102011,1986102011,1800,22,11
fresh-22-12,PanTransfer,PanTransfer,composite_unseen,1986102012,1986102012,1986102012,1800,22,12
fresh-22-13,PanTransfer,PanTransfer,composite_unseen,1986102013,1986102013,1986102013,1800,22,13
fresh-22-14,PanTransfer,PanTransfer,composite_unseen,1986102014,1986102014,1986102014,1800,22,14
fresh-22-15,PanTransfer,PanTransfer,composite_unseen,1986102015,1986102015,1986102015,1800,22,15
fresh-22-16,PanTransfer,PanTransfer,composite_unseen,1986102016,1986102016,1986102016,1800,22,16
fresh-22-17,PanTransfer,PanTransfer,composite_unseen,1986102017,1986102017,1986102017,1800,22,17
fresh-22-18,PanTransfer,PanTransfer,composite_unseen,1986102018,1986102018,1986102018,1800,22,18
fresh-22-19,PanTransfer,PanTransfer,composite_unseen,1986102019,1986102019,1986102019,1800,22,19
fresh-22-20,PanTransfer,PanTransfer,composite_unseen,1986102020,1986102020,1986102020,1800,22,20
fresh-22-21,PanTransfer,PanTransfer,composite_unseen,1986102021,1986102021,1986102021,1800,22,21
fresh-22-22,PanTransfer,PanTransfer,composite_unseen,1986102022,1986102022,1986102022,1800,22,22
fresh-22-23,PanTransfer,PanTransfer,composite_unseen,1986102023,1986102023,1986102023,1800,22,23
fresh-22-24,PanTransfer,PanTransfer,composite_unseen,1986102024,1986102024,1986102024,1800,22,24
fresh-22-25,PanTransfer,PanTransfer,composite_unseen,1986102025,1986102025,1986102025,1800,22,25
fresh-22-26,PanTransfer,PanTransfer,composite_unseen,1986102026,1986102026,1986102026,1800,22,26
fresh-22-27,PanTransfer,PanTransfer,composite_unseen,1986102027,1986102027,1986102027,1800,22,27
fresh-22-28,PanTransfer,PanTransfer,composite_unseen,1986102028,1986102028,1986102028,1800,22,28
fresh-22-29,PanTransfer,PanTransfer,composite_unseen,1986102029,1986102029,1986102029,1800,22,29
fresh-22-30,PanTransfer,PanTransfer,composite_unseen,1986102030,1986102030,1986102030,1800,22,30
fresh-22-31,PanTransfer,PanTransfer,composite_unseen,1986102031,1986102031,1986102031,1800,22,31
fresh-22-32,PanTransfer,PanTransfer,composite_unseen,1986102032,1986102032,1986102032,1800,22,32
fresh-22-33,PanTransfer,PanTransfer,composite_unseen,1986102033,1986102033,1986102033,1800,22,33
fresh-22-34,PanTransfer,PanTransfer,composite_unseen,1986102034,1986102034,1986102034,1800,22,34
fresh-22-35,PanTransfer,PanTransfer,composite_unseen,1986102035,1986102035,1986102035,1800,22,35
fresh-22-36,PanTransfer,PanTransfer,composite_unseen,1986102036,1986102036,1986102036,1800,22,36
fresh-22-37,PanTransfer,PanTransfer,composite_unseen,1986102037,1986102037,1986102037,1800,22,37
fresh-22-38,PanTransfer,PanTransfer,composite_unseen,1986102038,1986102038,1986102038,1800,22,38
fresh-22-39,PanTransfer,PanTransfer,composite_unseen,1986102039,1986102039,1986102039,1800,22,39
fresh-22-40,PanTransfer,PanTransfer,composite_unseen,1986102040,1986102040,1986102040,1800,22,40
fresh-22-41,PanTransfer,PanTransfer,composite_unseen,1986102041,1986102041,1986102041,1800,22,41
fresh-22-42,PanTransfer,PanTransfer,composite_unseen,1986102042,1986102042,1986102042,1800,22,42
fresh-22-43,PanTransfer,PanTransfer,composite_unseen,1986102043,1986102043,1986102043,1800,22,43
fresh-22-44,PanTransfer,PanTransfer,composite_unseen,1986102044,1986102044,1986102044,1800,22,44
fresh-22-45,PanTransfer,PanTransfer,composite_unseen,1986102045,1986102045,1986102045,1800,22,45
fresh-22-46,PanTransfer,PanTransfer,composite_unseen,1986102046,1986102046,1986102046,1800,22,46
fresh-22-47,PanTransfer,PanTransfer,composite_unseen,1986102047,1986102047,1986102047,1800,22,47
fresh-22-48,PanTransfer,PanTransfer,composite_unseen,1986102048,1986102048,1986102048,1800,22,48
fresh-22-49,PanTransfer,PanTransfer,composite_unseen,1986102049,1986102049,1986102049,1800,22,49
fresh-23-00,PickPlaceCounterToCabinet,PickPlaceCounterToCabinet,atomic_seen,1986102050,1986102050,1986102050,750,23,0
fresh-23-01,PickPlaceCounterToCabinet,PickPlaceCounterToCabinet,atomic_seen,1986102051,1986102051,1986102051,750,23,1
fresh-23-02,PickPlaceCounterToCabinet,PickPlaceCounterToCabinet,atomic_seen,1986102052,1986102052,1986102052,750,23,2
fresh-23-03,PickPlaceCounterToCabinet,PickPlaceCounterToCabinet,atomic_seen,1986102053,1986102053,1986102053,750,23,3
fresh-23-04,PickPlaceCounterToCabinet,PickPlaceCounterToCabinet,atomic_seen,1986102054,1986102054,1986102054,750,23,4
fresh-23-05,PickPlaceCounterToCabinet,PickPlaceCounterToCabinet,atomic_seen,1986102055,1986102055,1986102055,750,23,5
fresh-23-06,PickPlaceCounterToCabinet,PickPlaceCounterToCabinet,atomic_seen,1986102056,1986102056,1986102056,750,23,6
fresh-23-07,PickPlaceCounterToCabinet,PickPlaceCounterToCabinet,atomic_seen,1986102057,1986102057,1986102057,750,23,7
fresh-23-08,PickPlaceCounterToCabinet,PickPlaceCounterToCabinet,atomic_seen,1986102058,1986102058,1986102058,750,23,8
fresh-23-09,PickPlaceCounterToCabinet,PickPlaceCounterToCabinet,atomic_seen,1986102059,1986102059,1986102059,750,23,9
fresh-23-10,PickPlaceCounterToCabinet,PickPlaceCounterToCabinet,atomic_seen,1986102060,1986102060,1986102060,750,23,10
fresh-23-11,PickPlaceCounterToCabinet,PickPlaceCounterToCabinet,atomic_seen,1986102061,1986102061,1986102061,750,23,11
fresh-23-12,PickPlaceCounterToCabinet,PickPlaceCounterToCabinet,atomic_seen,1986102062,1986102062,1986102062,750,23,12
fresh-23-13,PickPlaceCounterToCabinet,PickPlaceCounterToCabinet,atomic_seen,1986102063,1986102063,1986102063,750,23,13
fresh-23-14,PickPlaceCounterToCabinet,PickPlaceCounterToCabinet,atomic_seen,1986102064,1986102064,1986102064,750,23,14
fresh-23-15,PickPlaceCounterToCabinet,PickPlaceCounterToCabinet,atomic_seen,1986102065,1986102065,1986102065,750,23,15
fresh-23-16,PickPlaceCounterToCabinet,PickPlaceCounterToCabinet,atomic_seen,1986102066,1986102066,1986102066,750,23,16
fresh-23-17,PickPlaceCounterToCabinet,PickPlaceCounterToCabinet,atomic_seen,1986102067,1986102067,1986102067,750,23,17
fresh-23-18,PickPlaceCounterToCabinet,PickPlaceCounterToCabinet,atomic_seen,1986102068,1986102068,1986102068,750,23,18
fresh-23-19,PickPlaceCounterToCabinet,PickPlaceCounterToCabinet,atomic_seen,1986102069,1986102069,1986102069,750,23,19
fresh-23-20,PickPlaceCounterToCabinet,PickPlaceCounterToCabinet,atomic_seen,1986102070,1986102070,1986102070,750,23,20
fresh-23-21,PickPlaceCounterToCabinet,PickPlaceCounterToCabinet,atomic_seen,1986102071,1986102071,1986102071,750,23,21
fresh-23-22,PickPlaceCounterToCabinet,PickPlaceCounterToCabinet,atomic_seen,1986102072,1986102072,1986102072,750,23,22
fresh-23-23,PickPlaceCounterToCabinet,PickPlaceCounterToCabinet,atomic_seen,1986102073,1986102073,1986102073,750,23,23
fresh-23-24,PickPlaceCounterToCabinet,PickPlaceCounterToCabinet,atomic_seen,1986102074,1986102074,1986102074,750,23,24
fresh-23-25,PickPlaceCounterToCabinet,PickPlaceCounterToCabinet,atomic_seen,1986102075,1986102075,1986102075,750,23,25
fresh-23-26,PickPlaceCounterToCabinet,PickPlaceCounterToCabinet,atomic_seen,1986102076,1986102076,1986102076,750,23,26
fresh-23-27,PickPlaceCounterToCabinet,PickPlaceCounterToCabinet,atomic_seen,1986102077,1986102077,1986102077,750,23,27
fresh-23-28,PickPlaceCounterToCabinet,PickPlaceCounterToCabinet,atomic_seen,1986102078,1986102078,1986102078,750,23,28
fresh-23-29,PickPlaceCounterToCabinet,PickPlaceCounterToCabinet,atomic_seen,1986102079,1986102079,1986102079,750,23,29
fresh-23-30,PickPlaceCounterToCabinet,PickPlaceCounterToCabinet,atomic_seen,1986102080,1986102080,1986102080,750,23,30
fresh-23-31,PickPlaceCounterToCabinet,PickPlaceCounterToCabinet,atomic_seen,1986102081,1986102081,1986102081,750,23,31
fresh-23-32,PickPlaceCounterToCabinet,PickPlaceCounterToCabinet,atomic_seen,1986102082,1986102082,1986102082,750,23,32
fresh-23-33,PickPlaceCounterToCabinet,PickPlaceCounterToCabinet,atomic_seen,1986102083,1986102083,1986102083,750,23,33
fresh-23-34,PickPlaceCounterToCabinet,PickPlaceCounterToCabinet,atomic_seen,1986102084,1986102084,1986102084,750,23,34
fresh-23-35,PickPlaceCounterToCabinet,PickPlaceCounterToCabinet,atomic_seen,1986102085,1986102085,1986102085,750,23,35
fresh-23-36,PickPlaceCounterToCabinet,PickPlaceCounterToCabinet,atomic_seen,1986102086,1986102086,1986102086,750,23,36
fresh-23-37,PickPlaceCounterToCabinet,PickPlaceCounterToCabinet,atomic_seen,1986102087,1986102087,1986102087,750,23,37
fresh-23-38,PickPlaceCounterToCabinet,PickPlaceCounterToCabinet,atomic_seen,1986102088,1986102088,1986102088,750,23,38
fresh-23-39,PickPlaceCounterToCabinet,PickPlaceCounterToCabinet,atomic_seen,1986102089,1986102089,1986102089,750,23,39
fresh-23-40,PickPlaceCounterToCabinet,PickPlaceCounterToCabinet,atomic_seen,1986102090,1986102090,1986102090,750,23,40
fresh-23-41,PickPlaceCounterToCabinet,PickPlaceCounterToCabinet,atomic_seen,1986102091,1986102091,1986102091,750,23,41
fresh-23-42,PickPlaceCounterToCabinet,PickPlaceCounterToCabinet,atomic_seen,1986102092,1986102092,1986102092,750,23,42
fresh-23-43,PickPlaceCounterToCabinet,PickPlaceCounterToCabinet,atomic_seen,1986102093,1986102093,1986102093,750,23,43
fresh-23-44,PickPlaceCounterToCabinet,PickPlaceCounterToCabinet,atomic_seen,1986102094,1986102094,1986102094,750,23,44
fresh-23-45,PickPlaceCounterToCabinet,PickPlaceCounterToCabinet,atomic_seen,1986102095,1986102095,1986102095,750,23,45
fresh-23-46,PickPlaceCounterToCabinet,PickPlaceCounterToCabinet,atomic_seen,1986102096,1986102096,1986102096,750,23,46
fresh-23-47,PickPlaceCounterToCabinet,PickPlaceCounterToCabinet,atomic_seen,1986102097,1986102097,1986102097,750,23,47
fresh-23-48,PickPlaceCounterToCabinet,PickPlaceCounterToCabinet,atomic_seen,1986102098,1986102098,1986102098,750,23,48
fresh-23-49,PickPlaceCounterToCabinet,PickPlaceCounterToCabinet,atomic_seen,1986102099,1986102099,1986102099,750,23,49
fresh-24-00,PickPlaceCounterToStove,PickPlaceCounterToStove,atomic_seen,1986102100,1986102100,1986102100,600,24,0
fresh-24-01,PickPlaceCounterToStove,PickPlaceCounterToStove,atomic_seen,1986102101,1986102101,1986102101,600,24,1
fresh-24-02,PickPlaceCounterToStove,PickPlaceCounterToStove,atomic_seen,1986102102,1986102102,1986102102,600,24,2
fresh-24-03,PickPlaceCounterToStove,PickPlaceCounterToStove,atomic_seen,1986102103,1986102103,1986102103,600,24,3
fresh-24-04,PickPlaceCounterToStove,PickPlaceCounterToStove,atomic_seen,1986102104,1986102104,1986102104,600,24,4
fresh-24-05,PickPlaceCounterToStove,PickPlaceCounterToStove,atomic_seen,1986102105,1986102105,1986102105,600,24,5
fresh-24-06,PickPlaceCounterToStove,PickPlaceCounterToStove,atomic_seen,1986102106,1986102106,1986102106,600,24,6
fresh-24-07,PickPlaceCounterToStove,PickPlaceCounterToStove,atomic_seen,1986102107,1986102107,1986102107,600,24,7
fresh-24-08,PickPlaceCounterToStove,PickPlaceCounterToStove,atomic_seen,1986102108,1986102108,1986102108,600,24,8
fresh-24-09,PickPlaceCounterToStove,PickPlaceCounterToStove,atomic_seen,1986102109,1986102109,1986102109,600,24,9
fresh-24-10,PickPlaceCounterToStove,PickPlaceCounterToStove,atomic_seen,1986102110,1986102110,1986102110,600,24,10
fresh-24-11,PickPlaceCounterToStove,PickPlaceCounterToStove,atomic_seen,1986102111,1986102111,1986102111,600,24,11
fresh-24-12,PickPlaceCounterToStove,PickPlaceCounterToStove,atomic_seen,1986102112,1986102112,1986102112,600,24,12
fresh-24-13,PickPlaceCounterToStove,PickPlaceCounterToStove,atomic_seen,1986102113,1986102113,1986102113,600,24,13
fresh-24-14,PickPlaceCounterToStove,PickPlaceCounterToStove,atomic_seen,1986102114,1986102114,1986102114,600,24,14
fresh-24-15,PickPlaceCounterToStove,PickPlaceCounterToStove,atomic_seen,1986102115,1986102115,1986102115,600,24,15
fresh-24-16,PickPlaceCounterToStove,PickPlaceCounterToStove,atomic_seen,1986102116,1986102116,1986102116,600,24,16
fresh-24-17,PickPlaceCounterToStove,PickPlaceCounterToStove,atomic_seen,1986102117,1986102117,1986102117,600,24,17
fresh-24-18,PickPlaceCounterToStove,PickPlaceCounterToStove,atomic_seen,1986102118,1986102118,1986102118,600,24,18
fresh-24-19,PickPlaceCounterToStove,PickPlaceCounterToStove,atomic_seen,1986102119,1986102119,1986102119,600,24,19
fresh-24-20,PickPlaceCounterToStove,PickPlaceCounterToStove,atomic_seen,1986102120,1986102120,1986102120,600,24,20
fresh-24-21,PickPlaceCounterToStove,PickPlaceCounterToStove,atomic_seen,1986102121,1986102121,1986102121,600,24,21
fresh-24-22,PickPlaceCounterToStove,PickPlaceCounterToStove,atomic_seen,1986102122,1986102122,1986102122,600,24,22
fresh-24-23,PickPlaceCounterToStove,PickPlaceCounterToStove,atomic_seen,1986102123,1986102123,1986102123,600,24,23
fresh-24-24,PickPlaceCounterToStove,PickPlaceCounterToStove,atomic_seen,1986102124,1986102124,1986102124,600,24,24
fresh-24-25,PickPlaceCounterToStove,PickPlaceCounterToStove,atomic_seen,1986102125,1986102125,1986102125,600,24,25
fresh-24-26,PickPlaceCounterToStove,PickPlaceCounterToStove,atomic_seen,1986102126,1986102126,1986102126,600,24,26
fresh-24-27,PickPlaceCounterToStove,PickPlaceCounterToStove,atomic_seen,1986102127,1986102127,1986102127,600,24,27
fresh-24-28,PickPlaceCounterToStove,PickPlaceCounterToStove,atomic_seen,1986102128,1986102128,1986102128,600,24,28
fresh-24-29,PickPlaceCounterToStove,PickPlaceCounterToStove,atomic_seen,1986102129,1986102129,1986102129,600,24,29
fresh-24-30,PickPlaceCounterToStove,PickPlaceCounterToStove,atomic_seen,1986102130,1986102130,1986102130,600,24,30
fresh-24-31,PickPlaceCounterToStove,PickPlaceCounterToStove,atomic_seen,1986102131,1986102131,1986102131,600,24,31
fresh-24-32,PickPlaceCounterToStove,PickPlaceCounterToStove,atomic_seen,1986102132,1986102132,1986102132,600,24,32
fresh-24-33,PickPlaceCounterToStove,PickPlaceCounterToStove,atomic_seen,1986102133,1986102133,1986102133,600,24,33
fresh-24-34,PickPlaceCounterToStove,PickPlaceCounterToStove,atomic_seen,1986102134,1986102134,1986102134,600,24,34
fresh-24-35,PickPlaceCounterToStove,PickPlaceCounterToStove,atomic_seen,1986102135,1986102135,1986102135,600,24,35
fresh-24-36,PickPlaceCounterToStove,PickPlaceCounterToStove,atomic_seen,1986102136,1986102136,1986102136,600,24,36
fresh-24-37,PickPlaceCounterToStove,PickPlaceCounterToStove,atomic_seen,1986102137,1986102137,1986102137,600,24,37
fresh-24-38,PickPlaceCounterToStove,PickPlaceCounterToStove,atomic_seen,1986102138,1986102138,1986102138,600,24,38
fresh-24-39,PickPlaceCounterToStove,PickPlaceCounterToStove,atomic_seen,1986102139,1986102139,1986102139,600,24,39
fresh-24-40,PickPlaceCounterToStove,PickPlaceCounterToStove,atomic_seen,1986102140,1986102140,1986102140,600,24,40
fresh-24-41,PickPlaceCounterToStove,PickPlaceCounterToStove,atomic_seen,1986102141,1986102141,1986102141,600,24,41
fresh-24-42,PickPlaceCounterToStove,PickPlaceCounterToStove,atomic_seen,1986102142,1986102142,1986102142,600,24,42
fresh-24-43,PickPlaceCounterToStove,PickPlaceCounterToStove,atomic_seen,1986102143,1986102143,1986102143,600,24,43
fresh-24-44,PickPlaceCounterToStove,PickPlaceCounterToStove,atomic_seen,1986102144,1986102144,1986102144,600,24,44
fresh-24-45,PickPlaceCounterToStove,PickPlaceCounterToStove,atomic_seen,1986102145,1986102145,1986102145,600,24,45
fresh-24-46,PickPlaceCounterToStove,PickPlaceCounterToStove,atomic_seen,1986102146,1986102146,1986102146,600,24,46
fresh-24-47,PickPlaceCounterToStove,PickPlaceCounterToStove,atomic_seen,1986102147,1986102147,1986102147,600,24,47
fresh-24-48,PickPlaceCounterToStove,PickPlaceCounterToStove,atomic_seen,1986102148,1986102148,1986102148,600,24,48
fresh-24-49,PickPlaceCounterToStove,PickPlaceCounterToStove,atomic_seen,1986102149,1986102149,1986102149,600,24,49
fresh-25-00,PickPlaceDrawerToCounter,PickPlaceDrawerToCounter,atomic_seen,1986102150,1986102150,1986102150,750,25,0
fresh-25-01,PickPlaceDrawerToCounter,PickPlaceDrawerToCounter,atomic_seen,1986102151,1986102151,1986102151,750,25,1
fresh-25-02,PickPlaceDrawerToCounter,PickPlaceDrawerToCounter,atomic_seen,1986102152,1986102152,1986102152,750,25,2
fresh-25-03,PickPlaceDrawerToCounter,PickPlaceDrawerToCounter,atomic_seen,1986102153,1986102153,1986102153,750,25,3
fresh-25-04,PickPlaceDrawerToCounter,PickPlaceDrawerToCounter,atomic_seen,1986102154,1986102154,1986102154,750,25,4
fresh-25-05,PickPlaceDrawerToCounter,PickPlaceDrawerToCounter,atomic_seen,1986102155,1986102155,1986102155,750,25,5
fresh-25-06,PickPlaceDrawerToCounter,PickPlaceDrawerToCounter,atomic_seen,1986102156,1986102156,1986102156,750,25,6
fresh-25-07,PickPlaceDrawerToCounter,PickPlaceDrawerToCounter,atomic_seen,1986102157,1986102157,1986102157,750,25,7
fresh-25-08,PickPlaceDrawerToCounter,PickPlaceDrawerToCounter,atomic_seen,1986102158,1986102158,1986102158,750,25,8
fresh-25-09,PickPlaceDrawerToCounter,PickPlaceDrawerToCounter,atomic_seen,1986102159,1986102159,1986102159,750,25,9
fresh-25-10,PickPlaceDrawerToCounter,PickPlaceDrawerToCounter,atomic_seen,1986102160,1986102160,1986102160,750,25,10
fresh-25-11,PickPlaceDrawerToCounter,PickPlaceDrawerToCounter,atomic_seen,1986102161,1986102161,1986102161,750,25,11
fresh-25-12,PickPlaceDrawerToCounter,PickPlaceDrawerToCounter,atomic_seen,1986102162,1986102162,1986102162,750,25,12
fresh-25-13,PickPlaceDrawerToCounter,PickPlaceDrawerToCounter,atomic_seen,1986102163,1986102163,1986102163,750,25,13
fresh-25-14,PickPlaceDrawerToCounter,PickPlaceDrawerToCounter,atomic_seen,1986102164,1986102164,1986102164,750,25,14
fresh-25-15,PickPlaceDrawerToCounter,PickPlaceDrawerToCounter,atomic_seen,1986102165,1986102165,1986102165,750,25,15
fresh-25-16,PickPlaceDrawerToCounter,PickPlaceDrawerToCounter,atomic_seen,1986102166,1986102166,1986102166,750,25,16
fresh-25-17,PickPlaceDrawerToCounter,PickPlaceDrawerToCounter,atomic_seen,1986102167,1986102167,1986102167,750,25,17
fresh-25-18,PickPlaceDrawerToCounter,PickPlaceDrawerToCounter,atomic_seen,1986102168,1986102168,1986102168,750,25,18
fresh-25-19,PickPlaceDrawerToCounter,PickPlaceDrawerToCounter,atomic_seen,1986102169,1986102169,1986102169,750,25,19
fresh-25-20,PickPlaceDrawerToCounter,PickPlaceDrawerToCounter,atomic_seen,1986102170,1986102170,1986102170,750,25,20
fresh-25-21,PickPlaceDrawerToCounter,PickPlaceDrawerToCounter,atomic_seen,1986102171,1986102171,1986102171,750,25,21
fresh-25-22,PickPlaceDrawerToCounter,PickPlaceDrawerToCounter,atomic_seen,1986102172,1986102172,1986102172,750,25,22
fresh-25-23,PickPlaceDrawerToCounter,PickPlaceDrawerToCounter,atomic_seen,1986102173,1986102173,1986102173,750,25,23
fresh-25-24,PickPlaceDrawerToCounter,PickPlaceDrawerToCounter,atomic_seen,1986102174,1986102174,1986102174,750,25,24
fresh-25-25,PickPlaceDrawerToCounter,PickPlaceDrawerToCounter,atomic_seen,1986102175,1986102175,1986102175,750,25,25
fresh-25-26,PickPlaceDrawerToCounter,PickPlaceDrawerToCounter,atomic_seen,1986102176,1986102176,1986102176,750,25,26
fresh-25-27,PickPlaceDrawerToCounter,PickPlaceDrawerToCounter,atomic_seen,1986102177,1986102177,1986102177,750,25,27
fresh-25-28,PickPlaceDrawerToCounter,PickPlaceDrawerToCounter,atomic_seen,1986102178,1986102178,1986102178,750,25,28
fresh-25-29,PickPlaceDrawerToCounter,PickPlaceDrawerToCounter,atomic_seen,1986102179,1986102179,1986102179,750,25,29
fresh-25-30,PickPlaceDrawerToCounter,PickPlaceDrawerToCounter,atomic_seen,1986102180,1986102180,1986102180,750,25,30
fresh-25-31,PickPlaceDrawerToCounter,PickPlaceDrawerToCounter,atomic_seen,1986102181,1986102181,1986102181,750,25,31
fresh-25-32,PickPlaceDrawerToCounter,PickPlaceDrawerToCounter,atomic_seen,1986102182,1986102182,1986102182,750,25,32
fresh-25-33,PickPlaceDrawerToCounter,PickPlaceDrawerToCounter,atomic_seen,1986102183,1986102183,1986102183,750,25,33
fresh-25-34,PickPlaceDrawerToCounter,PickPlaceDrawerToCounter,atomic_seen,1986102184,1986102184,1986102184,750,25,34
fresh-25-35,PickPlaceDrawerToCounter,PickPlaceDrawerToCounter,atomic_seen,1986102185,1986102185,1986102185,750,25,35
fresh-25-36,PickPlaceDrawerToCounter,PickPlaceDrawerToCounter,atomic_seen,1986102186,1986102186,1986102186,750,25,36
fresh-25-37,PickPlaceDrawerToCounter,PickPlaceDrawerToCounter,atomic_seen,1986102187,1986102187,1986102187,750,25,37
fresh-25-38,PickPlaceDrawerToCounter,PickPlaceDrawerToCounter,atomic_seen,1986102188,1986102188,1986102188,750,25,38
fresh-25-39,PickPlaceDrawerToCounter,PickPlaceDrawerToCounter,atomic_seen,1986102189,1986102189,1986102189,750,25,39
fresh-25-40,PickPlaceDrawerToCounter,PickPlaceDrawerToCounter,atomic_seen,1986102190,1986102190,1986102190,750,25,40
fresh-25-41,PickPlaceDrawerToCounter,PickPlaceDrawerToCounter,atomic_seen,1986102191,1986102191,1986102191,750,25,41
fresh-25-42,PickPlaceDrawerToCounter,PickPlaceDrawerToCounter,atomic_seen,1986102192,1986102192,1986102192,750,25,42
fresh-25-43,PickPlaceDrawerToCounter,PickPlaceDrawerToCounter,atomic_seen,1986102193,1986102193,1986102193,750,25,43
fresh-25-44,PickPlaceDrawerToCounter,PickPlaceDrawerToCounter,atomic_seen,1986102194,1986102194,1986102194,750,25,44
fresh-25-45,PickPlaceDrawerToCounter,PickPlaceDrawerToCounter,atomic_seen,1986102195,1986102195,1986102195,750,25,45
fresh-25-46,PickPlaceDrawerToCounter,PickPlaceDrawerToCounter,atomic_seen,1986102196,1986102196,1986102196,750,25,46
fresh-25-47,PickPlaceDrawerToCounter,PickPlaceDrawerToCounter,atomic_seen,1986102197,1986102197,1986102197,750,25,47
fresh-25-48,PickPlaceDrawerToCounter,PickPlaceDrawerToCounter,atomic_seen,1986102198,1986102198,1986102198,750,25,48
fresh-25-49,PickPlaceDrawerToCounter,PickPlaceDrawerToCounter,atomic_seen,1986102199,1986102199,1986102199,750,25,49
fresh-26-00,PickPlaceSinkToCounter,PickPlaceSinkToCounter,atomic_seen,1986102200,1986102200,1986102200,900,26,0
fresh-26-01,PickPlaceSinkToCounter,PickPlaceSinkToCounter,atomic_seen,1986102201,1986102201,1986102201,900,26,1
fresh-26-02,PickPlaceSinkToCounter,PickPlaceSinkToCounter,atomic_seen,1986102202,1986102202,1986102202,900,26,2
fresh-26-03,PickPlaceSinkToCounter,PickPlaceSinkToCounter,atomic_seen,1986102203,1986102203,1986102203,900,26,3
fresh-26-04,PickPlaceSinkToCounter,PickPlaceSinkToCounter,atomic_seen,1986102204,1986102204,1986102204,900,26,4
fresh-26-05,PickPlaceSinkToCounter,PickPlaceSinkToCounter,atomic_seen,1986102205,1986102205,1986102205,900,26,5
fresh-26-06,PickPlaceSinkToCounter,PickPlaceSinkToCounter,atomic_seen,1986102206,1986102206,1986102206,900,26,6
fresh-26-07,PickPlaceSinkToCounter,PickPlaceSinkToCounter,atomic_seen,1986102207,1986102207,1986102207,900,26,7
fresh-26-08,PickPlaceSinkToCounter,PickPlaceSinkToCounter,atomic_seen,1986102208,1986102208,1986102208,900,26,8
fresh-26-09,PickPlaceSinkToCounter,PickPlaceSinkToCounter,atomic_seen,1986102209,1986102209,1986102209,900,26,9
fresh-26-10,PickPlaceSinkToCounter,PickPlaceSinkToCounter,atomic_seen,1986102210,1986102210,1986102210,900,26,10
fresh-26-11,PickPlaceSinkToCounter,PickPlaceSinkToCounter,atomic_seen,1986102211,1986102211,1986102211,900,26,11
fresh-26-12,PickPlaceSinkToCounter,PickPlaceSinkToCounter,atomic_seen,1986102212,1986102212,1986102212,900,26,12
fresh-26-13,PickPlaceSinkToCounter,PickPlaceSinkToCounter,atomic_seen,1986102213,1986102213,1986102213,900,26,13
fresh-26-14,PickPlaceSinkToCounter,PickPlaceSinkToCounter,atomic_seen,1986102214,1986102214,1986102214,900,26,14
fresh-26-15,PickPlaceSinkToCounter,PickPlaceSinkToCounter,atomic_seen,1986102215,1986102215,1986102215,900,26,15
fresh-26-16,PickPlaceSinkToCounter,PickPlaceSinkToCounter,atomic_seen,1986102216,1986102216,1986102216,900,26,16
fresh-26-17,PickPlaceSinkToCounter,PickPlaceSinkToCounter,atomic_seen,1986102217,1986102217,1986102217,900,26,17
fresh-26-18,PickPlaceSinkToCounter,PickPlaceSinkToCounter,atomic_seen,1986102218,1986102218,1986102218,900,26,18
fresh-26-19,PickPlaceSinkToCounter,PickPlaceSinkToCounter,atomic_seen,1986102219,1986102219,1986102219,900,26,19
fresh-26-20,PickPlaceSinkToCounter,PickPlaceSinkToCounter,atomic_seen,1986102220,1986102220,1986102220,900,26,20
fresh-26-21,PickPlaceSinkToCounter,PickPlaceSinkToCounter,atomic_seen,1986102221,1986102221,1986102221,900,26,21
fresh-26-22,PickPlaceSinkToCounter,PickPlaceSinkToCounter,atomic_seen,1986102222,1986102222,1986102222,900,26,22
fresh-26-23,PickPlaceSinkToCounter,PickPlaceSinkToCounter,atomic_seen,1986102223,1986102223,1986102223,900,26,23
fresh-26-24,PickPlaceSinkToCounter,PickPlaceSinkToCounter,atomic_seen,1986102224,1986102224,1986102224,900,26,24
fresh-26-25,PickPlaceSinkToCounter,PickPlaceSinkToCounter,atomic_seen,1986102225,1986102225,1986102225,900,26,25
fresh-26-26,PickPlaceSinkToCounter,PickPlaceSinkToCounter,atomic_seen,1986102226,1986102226,1986102226,900,26,26
fresh-26-27,PickPlaceSinkToCounter,PickPlaceSinkToCounter,atomic_seen,1986102227,1986102227,1986102227,900,26,27
fresh-26-28,PickPlaceSinkToCounter,PickPlaceSinkToCounter,atomic_seen,1986102228,1986102228,1986102228,900,26,28
fresh-26-29,PickPlaceSinkToCounter,PickPlaceSinkToCounter,atomic_seen,1986102229,1986102229,1986102229,900,26,29
fresh-26-30,PickPlaceSinkToCounter,PickPlaceSinkToCounter,atomic_seen,1986102230,1986102230,1986102230,900,26,30
fresh-26-31,PickPlaceSinkToCounter,PickPlaceSinkToCounter,atomic_seen,1986102231,1986102231,1986102231,900,26,31
fresh-26-32,PickPlaceSinkToCounter,PickPlaceSinkToCounter,atomic_seen,1986102232,1986102232,1986102232,900,26,32
fresh-26-33,PickPlaceSinkToCounter,PickPlaceSinkToCounter,atomic_seen,1986102233,1986102233,1986102233,900,26,33
fresh-26-34,PickPlaceSinkToCounter,PickPlaceSinkToCounter,atomic_seen,1986102234,1986102234,1986102234,900,26,34
fresh-26-35,PickPlaceSinkToCounter,PickPlaceSinkToCounter,atomic_seen,1986102235,1986102235,1986102235,900,26,35
fresh-26-36,PickPlaceSinkToCounter,PickPlaceSinkToCounter,atomic_seen,1986102236,1986102236,1986102236,900,26,36
fresh-26-37,PickPlaceSinkToCounter,PickPlaceSinkToCounter,atomic_seen,1986102237,1986102237,1986102237,900,26,37
fresh-26-38,PickPlaceSinkToCounter,PickPlaceSinkToCounter,atomic_seen,1986102238,1986102238,1986102238,900,26,38
fresh-26-39,PickPlaceSinkToCounter,PickPlaceSinkToCounter,atomic_seen,1986102239,1986102239,1986102239,900,26,39
fresh-26-40,PickPlaceSinkToCounter,PickPlaceSinkToCounter,atomic_seen,1986102240,1986102240,1986102240,900,26,40
fresh-26-41,PickPlaceSinkToCounter,PickPlaceSinkToCounter,atomic_seen,1986102241,1986102241,1986102241,900,26,41
fresh-26-42,PickPlaceSinkToCounter,PickPlaceSinkToCounter,atomic_seen,1986102242,1986102242,1986102242,900,26,42
fresh-26-43,PickPlaceSinkToCounter,PickPlaceSinkToCounter,atomic_seen,1986102243,1986102243,1986102243,900,26,43
fresh-26-44,PickPlaceSinkToCounter,PickPlaceSinkToCounter,atomic_seen,1986102244,1986102244,1986102244,900,26,44
fresh-26-45,PickPlaceSinkToCounter,PickPlaceSinkToCounter,atomic_seen,1986102245,1986102245,1986102245,900,26,45
fresh-26-46,PickPlaceSinkToCounter,PickPlaceSinkToCounter,atomic_seen,1986102246,1986102246,1986102246,900,26,46
fresh-26-47,PickPlaceSinkToCounter,PickPlaceSinkToCounter,atomic_seen,1986102247,1986102247,1986102247,900,26,47
fresh-26-48,PickPlaceSinkToCounter,PickPlaceSinkToCounter,atomic_seen,1986102248,1986102248,1986102248,900,26,48
fresh-26-49,PickPlaceSinkToCounter,PickPlaceSinkToCounter,atomic_seen,1986102249,1986102249,1986102249,900,26,49
fresh-27-00,PickPlaceToasterToCounter,PickPlaceToasterToCounter,atomic_seen,1986102250,1986102250,1986102250,600,27,0
fresh-27-01,PickPlaceToasterToCounter,PickPlaceToasterToCounter,atomic_seen,1986102251,1986102251,1986102251,600,27,1
fresh-27-02,PickPlaceToasterToCounter,PickPlaceToasterToCounter,atomic_seen,1986102252,1986102252,1986102252,600,27,2
fresh-27-03,PickPlaceToasterToCounter,PickPlaceToasterToCounter,atomic_seen,1986102253,1986102253,1986102253,600,27,3
fresh-27-04,PickPlaceToasterToCounter,PickPlaceToasterToCounter,atomic_seen,1986102254,1986102254,1986102254,600,27,4
fresh-27-05,PickPlaceToasterToCounter,PickPlaceToasterToCounter,atomic_seen,1986102255,1986102255,1986102255,600,27,5
fresh-27-06,PickPlaceToasterToCounter,PickPlaceToasterToCounter,atomic_seen,1986102256,1986102256,1986102256,600,27,6
fresh-27-07,PickPlaceToasterToCounter,PickPlaceToasterToCounter,atomic_seen,1986102257,1986102257,1986102257,600,27,7
fresh-27-08,PickPlaceToasterToCounter,PickPlaceToasterToCounter,atomic_seen,1986102258,1986102258,1986102258,600,27,8
fresh-27-09,PickPlaceToasterToCounter,PickPlaceToasterToCounter,atomic_seen,1986102259,1986102259,1986102259,600,27,9
fresh-27-10,PickPlaceToasterToCounter,PickPlaceToasterToCounter,atomic_seen,1986102260,1986102260,1986102260,600,27,10
fresh-27-11,PickPlaceToasterToCounter,PickPlaceToasterToCounter,atomic_seen,1986102261,1986102261,1986102261,600,27,11
fresh-27-12,PickPlaceToasterToCounter,PickPlaceToasterToCounter,atomic_seen,1986102262,1986102262,1986102262,600,27,12
fresh-27-13,PickPlaceToasterToCounter,PickPlaceToasterToCounter,atomic_seen,1986102263,1986102263,1986102263,600,27,13
fresh-27-14,PickPlaceToasterToCounter,PickPlaceToasterToCounter,atomic_seen,1986102264,1986102264,1986102264,600,27,14
fresh-27-15,PickPlaceToasterToCounter,PickPlaceToasterToCounter,atomic_seen,1986102265,1986102265,1986102265,600,27,15
fresh-27-16,PickPlaceToasterToCounter,PickPlaceToasterToCounter,atomic_seen,1986102266,1986102266,1986102266,600,27,16
fresh-27-17,PickPlaceToasterToCounter,PickPlaceToasterToCounter,atomic_seen,1986102267,1986102267,1986102267,600,27,17
fresh-27-18,PickPlaceToasterToCounter,PickPlaceToasterToCounter,atomic_seen,1986102268,1986102268,1986102268,600,27,18
fresh-27-19,PickPlaceToasterToCounter,PickPlaceToasterToCounter,atomic_seen,1986102269,1986102269,1986102269,600,27,19
fresh-27-20,PickPlaceToasterToCounter,PickPlaceToasterToCounter,atomic_seen,1986102270,1986102270,1986102270,600,27,20
fresh-27-21,PickPlaceToasterToCounter,PickPlaceToasterToCounter,atomic_seen,1986102271,1986102271,1986102271,600,27,21
fresh-27-22,PickPlaceToasterToCounter,PickPlaceToasterToCounter,atomic_seen,1986102272,1986102272,1986102272,600,27,22
fresh-27-23,PickPlaceToasterToCounter,PickPlaceToasterToCounter,atomic_seen,1986102273,1986102273,1986102273,600,27,23
fresh-27-24,PickPlaceToasterToCounter,PickPlaceToasterToCounter,atomic_seen,1986102274,1986102274,1986102274,600,27,24
fresh-27-25,PickPlaceToasterToCounter,PickPlaceToasterToCounter,atomic_seen,1986102275,1986102275,1986102275,600,27,25
fresh-27-26,PickPlaceToasterToCounter,PickPlaceToasterToCounter,atomic_seen,1986102276,1986102276,1986102276,600,27,26
fresh-27-27,PickPlaceToasterToCounter,PickPlaceToasterToCounter,atomic_seen,1986102277,1986102277,1986102277,600,27,27
fresh-27-28,PickPlaceToasterToCounter,PickPlaceToasterToCounter,atomic_seen,1986102278,1986102278,1986102278,600,27,28
fresh-27-29,PickPlaceToasterToCounter,PickPlaceToasterToCounter,atomic_seen,1986102279,1986102279,1986102279,600,27,29
fresh-27-30,PickPlaceToasterToCounter,PickPlaceToasterToCounter,atomic_seen,1986102280,1986102280,1986102280,600,27,30
fresh-27-31,PickPlaceToasterToCounter,PickPlaceToasterToCounter,atomic_seen,1986102281,1986102281,1986102281,600,27,31
fresh-27-32,PickPlaceToasterToCounter,PickPlaceToasterToCounter,atomic_seen,1986102282,1986102282,1986102282,600,27,32
fresh-27-33,PickPlaceToasterToCounter,PickPlaceToasterToCounter,atomic_seen,1986102283,1986102283,1986102283,600,27,33
fresh-27-34,PickPlaceToasterToCounter,PickPlaceToasterToCounter,atomic_seen,1986102284,1986102284,1986102284,600,27,34
fresh-27-35,PickPlaceToasterToCounter,PickPlaceToasterToCounter,atomic_seen,1986102285,1986102285,1986102285,600,27,35
fresh-27-36,PickPlaceToasterToCounter,PickPlaceToasterToCounter,atomic_seen,1986102286,1986102286,1986102286,600,27,36
fresh-27-37,PickPlaceToasterToCounter,PickPlaceToasterToCounter,atomic_seen,1986102287,1986102287,1986102287,600,27,37
fresh-27-38,PickPlaceToasterToCounter,PickPlaceToasterToCounter,atomic_seen,1986102288,1986102288,1986102288,600,27,38
fresh-27-39,PickPlaceToasterToCounter,PickPlaceToasterToCounter,atomic_seen,1986102289,1986102289,1986102289,600,27,39
fresh-27-40,PickPlaceToasterToCounter,PickPlaceToasterToCounter,atomic_seen,1986102290,1986102290,1986102290,600,27,40
fresh-27-41,PickPlaceToasterToCounter,PickPlaceToasterToCounter,atomic_seen,1986102291,1986102291,1986102291,600,27,41
fresh-27-42,PickPlaceToasterToCounter,PickPlaceToasterToCounter,atomic_seen,1986102292,1986102292,1986102292,600,27,42
fresh-27-43,PickPlaceToasterToCounter,PickPlaceToasterToCounter,atomic_seen,1986102293,1986102293,1986102293,600,27,43
fresh-27-44,PickPlaceToasterToCounter,PickPlaceToasterToCounter,atomic_seen,1986102294,1986102294,1986102294,600,27,44
fresh-27-45,PickPlaceToasterToCounter,PickPlaceToasterToCounter,atomic_seen,1986102295,1986102295,1986102295,600,27,45
fresh-27-46,PickPlaceToasterToCounter,PickPlaceToasterToCounter,atomic_seen,1986102296,1986102296,1986102296,600,27,46
fresh-27-47,PickPlaceToasterToCounter,PickPlaceToasterToCounter,atomic_seen,1986102297,1986102297,1986102297,600,27,47
fresh-27-48,PickPlaceToasterToCounter,PickPlaceToasterToCounter,atomic_seen,1986102298,1986102298,1986102298,600,27,48
fresh-27-49,PickPlaceToasterToCounter,PickPlaceToasterToCounter,atomic_seen,1986102299,1986102299,1986102299,600,27,49
fresh-28-00,PortionHotDogs,PortionHotDogs,composite_unseen,1986102300,1986102300,1986102300,2250,28,0
fresh-28-01,PortionHotDogs,PortionHotDogs,composite_unseen,1986102301,1986102301,1986102301,2250,28,1
fresh-28-02,PortionHotDogs,PortionHotDogs,composite_unseen,1986102302,1986102302,1986102302,2250,28,2
fresh-28-03,PortionHotDogs,PortionHotDogs,composite_unseen,1986102303,1986102303,1986102303,2250,28,3
fresh-28-04,PortionHotDogs,PortionHotDogs,composite_unseen,1986102304,1986102304,1986102304,2250,28,4
fresh-28-05,PortionHotDogs,PortionHotDogs,composite_unseen,1986102305,1986102305,1986102305,2250,28,5
fresh-28-06,PortionHotDogs,PortionHotDogs,composite_unseen,1986102306,1986102306,1986102306,2250,28,6
fresh-28-07,PortionHotDogs,PortionHotDogs,composite_unseen,1986102307,1986102307,1986102307,2250,28,7
fresh-28-08,PortionHotDogs,PortionHotDogs,composite_unseen,1986102308,1986102308,1986102308,2250,28,8
fresh-28-09,PortionHotDogs,PortionHotDogs,composite_unseen,1986102309,1986102309,1986102309,2250,28,9
fresh-28-10,PortionHotDogs,PortionHotDogs,composite_unseen,1986102310,1986102310,1986102310,2250,28,10
fresh-28-11,PortionHotDogs,PortionHotDogs,composite_unseen,1986102311,1986102311,1986102311,2250,28,11
fresh-28-12,PortionHotDogs,PortionHotDogs,composite_unseen,1986102312,1986102312,1986102312,2250,28,12
fresh-28-13,PortionHotDogs,PortionHotDogs,composite_unseen,1986102313,1986102313,1986102313,2250,28,13
fresh-28-14,PortionHotDogs,PortionHotDogs,composite_unseen,1986102314,1986102314,1986102314,2250,28,14
fresh-28-15,PortionHotDogs,PortionHotDogs,composite_unseen,1986102315,1986102315,1986102315,2250,28,15
fresh-28-16,PortionHotDogs,PortionHotDogs,composite_unseen,1986102316,1986102316,1986102316,2250,28,16
fresh-28-17,PortionHotDogs,PortionHotDogs,composite_unseen,1986102317,1986102317,1986102317,2250,28,17
fresh-28-18,PortionHotDogs,PortionHotDogs,composite_unseen,1986102318,1986102318,1986102318,2250,28,18
fresh-28-19,PortionHotDogs,PortionHotDogs,composite_unseen,1986102319,1986102319,1986102319,2250,28,19
fresh-28-20,PortionHotDogs,PortionHotDogs,composite_unseen,1986102320,1986102320,1986102320,2250,28,20
fresh-28-21,PortionHotDogs,PortionHotDogs,composite_unseen,1986102321,1986102321,1986102321,2250,28,21
fresh-28-22,PortionHotDogs,PortionHotDogs,composite_unseen,1986102322,1986102322,1986102322,2250,28,22
fresh-28-23,PortionHotDogs,PortionHotDogs,composite_unseen,1986102323,1986102323,1986102323,2250,28,23
fresh-28-24,PortionHotDogs,PortionHotDogs,composite_unseen,1986102324,1986102324,1986102324,2250,28,24
fresh-28-25,PortionHotDogs,PortionHotDogs,composite_unseen,1986102325,1986102325,1986102325,2250,28,25
fresh-28-26,PortionHotDogs,PortionHotDogs,composite_unseen,1986102326,1986102326,1986102326,2250,28,26
fresh-28-27,PortionHotDogs,PortionHotDogs,composite_unseen,1986102327,1986102327,1986102327,2250,28,27
fresh-28-28,PortionHotDogs,PortionHotDogs,composite_unseen,1986102328,1986102328,1986102328,2250,28,28
fresh-28-29,PortionHotDogs,PortionHotDogs,composite_unseen,1986102329,1986102329,1986102329,2250,28,29
fresh-28-30,PortionHotDogs,PortionHotDogs,composite_unseen,1986102330,1986102330,1986102330,2250,28,30
fresh-28-31,PortionHotDogs,PortionHotDogs,composite_unseen,1986102331,1986102331,1986102331,2250,28,31
fresh-28-32,PortionHotDogs,PortionHotDogs,composite_unseen,1986102332,1986102332,1986102332,2250,28,32
fresh-28-33,PortionHotDogs,PortionHotDogs,composite_unseen,1986102333,1986102333,1986102333,2250,28,33
fresh-28-34,PortionHotDogs,PortionHotDogs,composite_unseen,1986102334,1986102334,1986102334,2250,28,34
fresh-28-35,PortionHotDogs,PortionHotDogs,composite_unseen,1986102335,1986102335,1986102335,2250,28,35
fresh-28-36,PortionHotDogs,PortionHotDogs,composite_unseen,1986102336,1986102336,1986102336,2250,28,36
fresh-28-37,PortionHotDogs,PortionHotDogs,composite_unseen,1986102337,1986102337,1986102337,2250,28,37
fresh-28-38,PortionHotDogs,PortionHotDogs,composite_unseen,1986102338,1986102338,1986102338,2250,28,38
fresh-28-39,PortionHotDogs,PortionHotDogs,composite_unseen,1986102339,1986102339,1986102339,2250,28,39
fresh-28-40,PortionHotDogs,PortionHotDogs,composite_unseen,1986102340,1986102340,1986102340,2250,28,40
fresh-28-41,PortionHotDogs,PortionHotDogs,composite_unseen,1986102341,1986102341,1986102341,2250,28,41
fresh-28-42,PortionHotDogs,PortionHotDogs,composite_unseen,1986102342,1986102342,1986102342,2250,28,42
fresh-28-43,PortionHotDogs,PortionHotDogs,composite_unseen,1986102343,1986102343,1986102343,2250,28,43
fresh-28-44,PortionHotDogs,PortionHotDogs,composite_unseen,1986102344,1986102344,1986102344,2250,28,44
fresh-28-45,PortionHotDogs,PortionHotDogs,composite_unseen,1986102345,1986102345,1986102345,2250,28,45
fresh-28-46,PortionHotDogs,PortionHotDogs,composite_unseen,1986102346,1986102346,1986102346,2250,28,46
fresh-28-47,PortionHotDogs,PortionHotDogs,composite_unseen,1986102347,1986102347,1986102347,2250,28,47
fresh-28-48,PortionHotDogs,PortionHotDogs,composite_unseen,1986102348,1986102348,1986102348,2250,28,48
fresh-28-49,PortionHotDogs,PortionHotDogs,composite_unseen,1986102349,1986102349,1986102349,2250,28,49
fresh-29-00,PreSoakPan,PreSoakPan,composite_seen,1986102350,1986102350,1986102350,2400,29,0
fresh-29-01,PreSoakPan,PreSoakPan,composite_seen,1986102351,1986102351,1986102351,2400,29,1
fresh-29-02,PreSoakPan,PreSoakPan,composite_seen,1986102352,1986102352,1986102352,2400,29,2
fresh-29-03,PreSoakPan,PreSoakPan,composite_seen,1986102353,1986102353,1986102353,2400,29,3
fresh-29-04,PreSoakPan,PreSoakPan,composite_seen,1986102354,1986102354,1986102354,2400,29,4
fresh-29-05,PreSoakPan,PreSoakPan,composite_seen,1986102355,1986102355,1986102355,2400,29,5
fresh-29-06,PreSoakPan,PreSoakPan,composite_seen,1986102356,1986102356,1986102356,2400,29,6
fresh-29-07,PreSoakPan,PreSoakPan,composite_seen,1986102357,1986102357,1986102357,2400,29,7
fresh-29-08,PreSoakPan,PreSoakPan,composite_seen,1986102358,1986102358,1986102358,2400,29,8
fresh-29-09,PreSoakPan,PreSoakPan,composite_seen,1986102359,1986102359,1986102359,2400,29,9
fresh-29-10,PreSoakPan,PreSoakPan,composite_seen,1986102360,1986102360,1986102360,2400,29,10
fresh-29-11,PreSoakPan,PreSoakPan,composite_seen,1986102361,1986102361,1986102361,2400,29,11
fresh-29-12,PreSoakPan,PreSoakPan,composite_seen,1986102362,1986102362,1986102362,2400,29,12
fresh-29-13,PreSoakPan,PreSoakPan,composite_seen,1986102363,1986102363,1986102363,2400,29,13
fresh-29-14,PreSoakPan,PreSoakPan,composite_seen,1986102364,1986102364,1986102364,2400,29,14
fresh-29-15,PreSoakPan,PreSoakPan,composite_seen,1986102365,1986102365,1986102365,2400,29,15
fresh-29-16,PreSoakPan,PreSoakPan,composite_seen,1986102366,1986102366,1986102366,2400,29,16
fresh-29-17,PreSoakPan,PreSoakPan,composite_seen,1986102367,1986102367,1986102367,2400,29,17
fresh-29-18,PreSoakPan,PreSoakPan,composite_seen,1986102368,1986102368,1986102368,2400,29,18
fresh-29-19,PreSoakPan,PreSoakPan,composite_seen,1986102369,1986102369,1986102369,2400,29,19
fresh-29-20,PreSoakPan,PreSoakPan,composite_seen,1986102370,1986102370,1986102370,2400,29,20
fresh-29-21,PreSoakPan,PreSoakPan,composite_seen,1986102371,1986102371,1986102371,2400,29,21
fresh-29-22,PreSoakPan,PreSoakPan,composite_seen,1986102372,1986102372,1986102372,2400,29,22
fresh-29-23,PreSoakPan,PreSoakPan,composite_seen,1986102373,1986102373,1986102373,2400,29,23
fresh-29-24,PreSoakPan,PreSoakPan,composite_seen,1986102374,1986102374,1986102374,2400,29,24
fresh-29-25,PreSoakPan,PreSoakPan,composite_seen,1986102375,1986102375,1986102375,2400,29,25
fresh-29-26,PreSoakPan,PreSoakPan,composite_seen,1986102376,1986102376,1986102376,2400,29,26
fresh-29-27,PreSoakPan,PreSoakPan,composite_seen,1986102377,1986102377,1986102377,2400,29,27
fresh-29-28,PreSoakPan,PreSoakPan,composite_seen,1986102378,1986102378,1986102378,2400,29,28
fresh-29-29,PreSoakPan,PreSoakPan,composite_seen,1986102379,1986102379,1986102379,2400,29,29
fresh-29-30,PreSoakPan,PreSoakPan,composite_seen,1986102380,1986102380,1986102380,2400,29,30
fresh-29-31,PreSoakPan,PreSoakPan,composite_seen,1986102381,1986102381,1986102381,2400,29,31
fresh-29-32,PreSoakPan,PreSoakPan,composite_seen,1986102382,1986102382,1986102382,2400,29,32
fresh-29-33,PreSoakPan,PreSoakPan,composite_seen,1986102383,1986102383,1986102383,2400,29,33
fresh-29-34,PreSoakPan,PreSoakPan,composite_seen,1986102384,1986102384,1986102384,2400,29,34
fresh-29-35,PreSoakPan,PreSoakPan,composite_seen,1986102385,1986102385,1986102385,2400,29,35
fresh-29-36,PreSoakPan,PreSoakPan,composite_seen,1986102386,1986102386,1986102386,2400,29,36
fresh-29-37,PreSoakPan,PreSoakPan,composite_seen,1986102387,1986102387,1986102387,2400,29,37
fresh-29-38,PreSoakPan,PreSoakPan,composite_seen,1986102388,1986102388,1986102388,2400,29,38
fresh-29-39,PreSoakPan,PreSoakPan,composite_seen,1986102389,1986102389,1986102389,2400,29,39
fresh-29-40,PreSoakPan,PreSoakPan,composite_seen,1986102390,1986102390,1986102390,2400,29,40
fresh-29-41,PreSoakPan,PreSoakPan,composite_seen,1986102391,1986102391,1986102391,2400,29,41
fresh-29-42,PreSoakPan,PreSoakPan,composite_seen,1986102392,1986102392,1986102392,2400,29,42
fresh-29-43,PreSoakPan,PreSoakPan,composite_seen,1986102393,1986102393,1986102393,2400,29,43
fresh-29-44,PreSoakPan,PreSoakPan,composite_seen,1986102394,1986102394,1986102394,2400,29,44
fresh-29-45,PreSoakPan,PreSoakPan,composite_seen,1986102395,1986102395,1986102395,2400,29,45
fresh-29-46,PreSoakPan,PreSoakPan,composite_seen,1986102396,1986102396,1986102396,2400,29,46
fresh-29-47,PreSoakPan,PreSoakPan,composite_seen,1986102397,1986102397,1986102397,2400,29,47
fresh-29-48,PreSoakPan,PreSoakPan,composite_seen,1986102398,1986102398,1986102398,2400,29,48
fresh-29-49,PreSoakPan,PreSoakPan,composite_seen,1986102399,1986102399,1986102399,2400,29,49
fresh-30-00,PrepareCoffee,PrepareCoffee,composite_seen,1986102400,1986102400,1986102400,1800,30,0
fresh-30-01,PrepareCoffee,PrepareCoffee,composite_seen,1986102401,1986102401,1986102401,1800,30,1
fresh-30-02,PrepareCoffee,PrepareCoffee,composite_seen,1986102402,1986102402,1986102402,1800,30,2
fresh-30-03,PrepareCoffee,PrepareCoffee,composite_seen,1986102403,1986102403,1986102403,1800,30,3
fresh-30-04,PrepareCoffee,PrepareCoffee,composite_seen,1986102404,1986102404,1986102404,1800,30,4
fresh-30-05,PrepareCoffee,PrepareCoffee,composite_seen,1986102405,1986102405,1986102405,1800,30,5
fresh-30-06,PrepareCoffee,PrepareCoffee,composite_seen,1986102406,1986102406,1986102406,1800,30,6
fresh-30-07,PrepareCoffee,PrepareCoffee,composite_seen,1986102407,1986102407,1986102407,1800,30,7
fresh-30-08,PrepareCoffee,PrepareCoffee,composite_seen,1986102408,1986102408,1986102408,1800,30,8
fresh-30-09,PrepareCoffee,PrepareCoffee,composite_seen,1986102409,1986102409,1986102409,1800,30,9
fresh-30-10,PrepareCoffee,PrepareCoffee,composite_seen,1986102410,1986102410,1986102410,1800,30,10
fresh-30-11,PrepareCoffee,PrepareCoffee,composite_seen,1986102411,1986102411,1986102411,1800,30,11
fresh-30-12,PrepareCoffee,PrepareCoffee,composite_seen,1986102412,1986102412,1986102412,1800,30,12
fresh-30-13,PrepareCoffee,PrepareCoffee,composite_seen,1986102413,1986102413,1986102413,1800,30,13
fresh-30-14,PrepareCoffee,PrepareCoffee,composite_seen,1986102414,1986102414,1986102414,1800,30,14
fresh-30-15,PrepareCoffee,PrepareCoffee,composite_seen,1986102415,1986102415,1986102415,1800,30,15
fresh-30-16,PrepareCoffee,PrepareCoffee,composite_seen,1986102416,1986102416,1986102416,1800,30,16
fresh-30-17,PrepareCoffee,PrepareCoffee,composite_seen,1986102417,1986102417,1986102417,1800,30,17
fresh-30-18,PrepareCoffee,PrepareCoffee,composite_seen,1986102418,1986102418,1986102418,1800,30,18
fresh-30-19,PrepareCoffee,PrepareCoffee,composite_seen,1986102419,1986102419,1986102419,1800,30,19
fresh-30-20,PrepareCoffee,PrepareCoffee,composite_seen,1986102420,1986102420,1986102420,1800,30,20
fresh-30-21,PrepareCoffee,PrepareCoffee,composite_seen,1986102421,1986102421,1986102421,1800,30,21
fresh-30-22,PrepareCoffee,PrepareCoffee,composite_seen,1986102422,1986102422,1986102422,1800,30,22
fresh-30-23,PrepareCoffee,PrepareCoffee,composite_seen,1986102423,1986102423,1986102423,1800,30,23
fresh-30-24,PrepareCoffee,PrepareCoffee,composite_seen,1986102424,1986102424,1986102424,1800,30,24
fresh-30-25,PrepareCoffee,PrepareCoffee,composite_seen,1986102425,1986102425,1986102425,1800,30,25
fresh-30-26,PrepareCoffee,PrepareCoffee,composite_seen,1986102426,1986102426,1986102426,1800,30,26
fresh-30-27,PrepareCoffee,PrepareCoffee,composite_seen,1986102427,1986102427,1986102427,1800,30,27
fresh-30-28,PrepareCoffee,PrepareCoffee,composite_seen,1986102428,1986102428,1986102428,1800,30,28
fresh-30-29,PrepareCoffee,PrepareCoffee,composite_seen,1986102429,1986102429,1986102429,1800,30,29
fresh-30-30,PrepareCoffee,PrepareCoffee,composite_seen,1986102430,1986102430,1986102430,1800,30,30
fresh-30-31,PrepareCoffee,PrepareCoffee,composite_seen,1986102431,1986102431,1986102431,1800,30,31
fresh-30-32,PrepareCoffee,PrepareCoffee,composite_seen,1986102432,1986102432,1986102432,1800,30,32
fresh-30-33,PrepareCoffee,PrepareCoffee,composite_seen,1986102433,1986102433,1986102433,1800,30,33
fresh-30-34,PrepareCoffee,PrepareCoffee,composite_seen,1986102434,1986102434,1986102434,1800,30,34
fresh-30-35,PrepareCoffee,PrepareCoffee,composite_seen,1986102435,1986102435,1986102435,1800,30,35
fresh-30-36,PrepareCoffee,PrepareCoffee,composite_seen,1986102436,1986102436,1986102436,1800,30,36
fresh-30-37,PrepareCoffee,PrepareCoffee,composite_seen,1986102437,1986102437,1986102437,1800,30,37
fresh-30-38,PrepareCoffee,PrepareCoffee,composite_seen,1986102438,1986102438,1986102438,1800,30,38
fresh-30-39,PrepareCoffee,PrepareCoffee,composite_seen,1986102439,1986102439,1986102439,1800,30,39
fresh-30-40,PrepareCoffee,PrepareCoffee,composite_seen,1986102440,1986102440,1986102440,1800,30,40
fresh-30-41,PrepareCoffee,PrepareCoffee,composite_seen,1986102441,1986102441,1986102441,1800,30,41
fresh-30-42,PrepareCoffee,PrepareCoffee,composite_seen,1986102442,1986102442,1986102442,1800,30,42
fresh-30-43,PrepareCoffee,PrepareCoffee,composite_seen,1986102443,1986102443,1986102443,1800,30,43
fresh-30-44,PrepareCoffee,PrepareCoffee,composite_seen,1986102444,1986102444,1986102444,1800,30,44
fresh-30-45,PrepareCoffee,PrepareCoffee,composite_seen,1986102445,1986102445,1986102445,1800,30,45
fresh-30-46,PrepareCoffee,PrepareCoffee,composite_seen,1986102446,1986102446,1986102446,1800,30,46
fresh-30-47,PrepareCoffee,PrepareCoffee,composite_seen,1986102447,1986102447,1986102447,1800,30,47
fresh-30-48,PrepareCoffee,PrepareCoffee,composite_seen,1986102448,1986102448,1986102448,1800,30,48
fresh-30-49,PrepareCoffee,PrepareCoffee,composite_seen,1986102449,1986102449,1986102449,1800,30,49
fresh-31-00,RecycleBottlesByType,RecycleBottlesByType,composite_unseen,1986102450,1986102450,1986102450,2850,31,0
fresh-31-01,RecycleBottlesByType,RecycleBottlesByType,composite_unseen,1986102451,1986102451,1986102451,2850,31,1
fresh-31-02,RecycleBottlesByType,RecycleBottlesByType,composite_unseen,1986102452,1986102452,1986102452,2850,31,2
fresh-31-03,RecycleBottlesByType,RecycleBottlesByType,composite_unseen,1986102453,1986102453,1986102453,2850,31,3
fresh-31-04,RecycleBottlesByType,RecycleBottlesByType,composite_unseen,1986102454,1986102454,1986102454,2850,31,4
fresh-31-05,RecycleBottlesByType,RecycleBottlesByType,composite_unseen,1986102455,1986102455,1986102455,2850,31,5
fresh-31-06,RecycleBottlesByType,RecycleBottlesByType,composite_unseen,1986102456,1986102456,1986102456,2850,31,6
fresh-31-07,RecycleBottlesByType,RecycleBottlesByType,composite_unseen,1986102457,1986102457,1986102457,2850,31,7
fresh-31-08,RecycleBottlesByType,RecycleBottlesByType,composite_unseen,1986102458,1986102458,1986102458,2850,31,8
fresh-31-09,RecycleBottlesByType,RecycleBottlesByType,composite_unseen,1986102459,1986102459,1986102459,2850,31,9
fresh-31-10,RecycleBottlesByType,RecycleBottlesByType,composite_unseen,1986102460,1986102460,1986102460,2850,31,10
fresh-31-11,RecycleBottlesByType,RecycleBottlesByType,composite_unseen,1986102461,1986102461,1986102461,2850,31,11
fresh-31-12,RecycleBottlesByType,RecycleBottlesByType,composite_unseen,1986102462,1986102462,1986102462,2850,31,12
fresh-31-13,RecycleBottlesByType,RecycleBottlesByType,composite_unseen,1986102463,1986102463,1986102463,2850,31,13
fresh-31-14,RecycleBottlesByType,RecycleBottlesByType,composite_unseen,1986102464,1986102464,1986102464,2850,31,14
fresh-31-15,RecycleBottlesByType,RecycleBottlesByType,composite_unseen,1986102465,1986102465,1986102465,2850,31,15
fresh-31-16,RecycleBottlesByType,RecycleBottlesByType,composite_unseen,1986102466,1986102466,1986102466,2850,31,16
fresh-31-17,RecycleBottlesByType,RecycleBottlesByType,composite_unseen,1986102467,1986102467,1986102467,2850,31,17
fresh-31-18,RecycleBottlesByType,RecycleBottlesByType,composite_unseen,1986102468,1986102468,1986102468,2850,31,18
fresh-31-19,RecycleBottlesByType,RecycleBottlesByType,composite_unseen,1986102469,1986102469,1986102469,2850,31,19
fresh-31-20,RecycleBottlesByType,RecycleBottlesByType,composite_unseen,1986102470,1986102470,1986102470,2850,31,20
fresh-31-21,RecycleBottlesByType,RecycleBottlesByType,composite_unseen,1986102471,1986102471,1986102471,2850,31,21
fresh-31-22,RecycleBottlesByType,RecycleBottlesByType,composite_unseen,1986102472,1986102472,1986102472,2850,31,22
fresh-31-23,RecycleBottlesByType,RecycleBottlesByType,composite_unseen,1986102473,1986102473,1986102473,2850,31,23
fresh-31-24,RecycleBottlesByType,RecycleBottlesByType,composite_unseen,1986102474,1986102474,1986102474,2850,31,24
fresh-31-25,RecycleBottlesByType,RecycleBottlesByType,composite_unseen,1986102475,1986102475,1986102475,2850,31,25
fresh-31-26,RecycleBottlesByType,RecycleBottlesByType,composite_unseen,1986102476,1986102476,1986102476,2850,31,26
fresh-31-27,RecycleBottlesByType,RecycleBottlesByType,composite_unseen,1986102477,1986102477,1986102477,2850,31,27
fresh-31-28,RecycleBottlesByType,RecycleBottlesByType,composite_unseen,1986102478,1986102478,1986102478,2850,31,28
fresh-31-29,RecycleBottlesByType,RecycleBottlesByType,composite_unseen,1986102479,1986102479,1986102479,2850,31,29
fresh-31-30,RecycleBottlesByType,RecycleBottlesByType,composite_unseen,1986102480,1986102480,1986102480,2850,31,30
fresh-31-31,RecycleBottlesByType,RecycleBottlesByType,composite_unseen,1986102481,1986102481,1986102481,2850,31,31
fresh-31-32,RecycleBottlesByType,RecycleBottlesByType,composite_unseen,1986102482,1986102482,1986102482,2850,31,32
fresh-31-33,RecycleBottlesByType,RecycleBottlesByType,composite_unseen,1986102483,1986102483,1986102483,2850,31,33
fresh-31-34,RecycleBottlesByType,RecycleBottlesByType,composite_unseen,1986102484,1986102484,1986102484,2850,31,34
fresh-31-35,RecycleBottlesByType,RecycleBottlesByType,composite_unseen,1986102485,1986102485,1986102485,2850,31,35
fresh-31-36,RecycleBottlesByType,RecycleBottlesByType,composite_unseen,1986102486,1986102486,1986102486,2850,31,36
fresh-31-37,RecycleBottlesByType,RecycleBottlesByType,composite_unseen,1986102487,1986102487,1986102487,2850,31,37
fresh-31-38,RecycleBottlesByType,RecycleBottlesByType,composite_unseen,1986102488,1986102488,1986102488,2850,31,38
fresh-31-39,RecycleBottlesByType,RecycleBottlesByType,composite_unseen,1986102489,1986102489,1986102489,2850,31,39
fresh-31-40,RecycleBottlesByType,RecycleBottlesByType,composite_unseen,1986102490,1986102490,1986102490,2850,31,40
fresh-31-41,RecycleBottlesByType,RecycleBottlesByType,composite_unseen,1986102491,1986102491,1986102491,2850,31,41
fresh-31-42,RecycleBottlesByType,RecycleBottlesByType,composite_unseen,1986102492,1986102492,1986102492,2850,31,42
fresh-31-43,RecycleBottlesByType,RecycleBottlesByType,composite_unseen,1986102493,1986102493,1986102493,2850,31,43
fresh-31-44,RecycleBottlesByType,RecycleBottlesByType,composite_unseen,1986102494,1986102494,1986102494,2850,31,44
fresh-31-45,RecycleBottlesByType,RecycleBottlesByType,composite_unseen,1986102495,1986102495,1986102495,2850,31,45
fresh-31-46,RecycleBottlesByType,RecycleBottlesByType,composite_unseen,1986102496,1986102496,1986102496,2850,31,46
fresh-31-47,RecycleBottlesByType,RecycleBottlesByType,composite_unseen,1986102497,1986102497,1986102497,2850,31,47
fresh-31-48,RecycleBottlesByType,RecycleBottlesByType,composite_unseen,1986102498,1986102498,1986102498,2850,31,48
fresh-31-49,RecycleBottlesByType,RecycleBottlesByType,composite_unseen,1986102499,1986102499,1986102499,2850,31,49
fresh-32-00,RinseSinkBasin,RinseSinkBasin,composite_seen,1986102500,1986102500,1986102500,1350,32,0
fresh-32-01,RinseSinkBasin,RinseSinkBasin,composite_seen,1986102501,1986102501,1986102501,1350,32,1
fresh-32-02,RinseSinkBasin,RinseSinkBasin,composite_seen,1986102502,1986102502,1986102502,1350,32,2
fresh-32-03,RinseSinkBasin,RinseSinkBasin,composite_seen,1986102503,1986102503,1986102503,1350,32,3
fresh-32-04,RinseSinkBasin,RinseSinkBasin,composite_seen,1986102504,1986102504,1986102504,1350,32,4
fresh-32-05,RinseSinkBasin,RinseSinkBasin,composite_seen,1986102505,1986102505,1986102505,1350,32,5
fresh-32-06,RinseSinkBasin,RinseSinkBasin,composite_seen,1986102506,1986102506,1986102506,1350,32,6
fresh-32-07,RinseSinkBasin,RinseSinkBasin,composite_seen,1986102507,1986102507,1986102507,1350,32,7
fresh-32-08,RinseSinkBasin,RinseSinkBasin,composite_seen,1986102508,1986102508,1986102508,1350,32,8
fresh-32-09,RinseSinkBasin,RinseSinkBasin,composite_seen,1986102509,1986102509,1986102509,1350,32,9
fresh-32-10,RinseSinkBasin,RinseSinkBasin,composite_seen,1986102510,1986102510,1986102510,1350,32,10
fresh-32-11,RinseSinkBasin,RinseSinkBasin,composite_seen,1986102511,1986102511,1986102511,1350,32,11
fresh-32-12,RinseSinkBasin,RinseSinkBasin,composite_seen,1986102512,1986102512,1986102512,1350,32,12
fresh-32-13,RinseSinkBasin,RinseSinkBasin,composite_seen,1986102513,1986102513,1986102513,1350,32,13
fresh-32-14,RinseSinkBasin,RinseSinkBasin,composite_seen,1986102514,1986102514,1986102514,1350,32,14
fresh-32-15,RinseSinkBasin,RinseSinkBasin,composite_seen,1986102515,1986102515,1986102515,1350,32,15
fresh-32-16,RinseSinkBasin,RinseSinkBasin,composite_seen,1986102516,1986102516,1986102516,1350,32,16
fresh-32-17,RinseSinkBasin,RinseSinkBasin,composite_seen,1986102517,1986102517,1986102517,1350,32,17
fresh-32-18,RinseSinkBasin,RinseSinkBasin,composite_seen,1986102518,1986102518,1986102518,1350,32,18
fresh-32-19,RinseSinkBasin,RinseSinkBasin,composite_seen,1986102519,1986102519,1986102519,1350,32,19
fresh-32-20,RinseSinkBasin,RinseSinkBasin,composite_seen,1986102520,1986102520,1986102520,1350,32,20
fresh-32-21,RinseSinkBasin,RinseSinkBasin,composite_seen,1986102521,1986102521,1986102521,1350,32,21
fresh-32-22,RinseSinkBasin,RinseSinkBasin,composite_seen,1986102522,1986102522,1986102522,1350,32,22
fresh-32-23,RinseSinkBasin,RinseSinkBasin,composite_seen,1986102523,1986102523,1986102523,1350,32,23
fresh-32-24,RinseSinkBasin,RinseSinkBasin,composite_seen,1986102524,1986102524,1986102524,1350,32,24
fresh-32-25,RinseSinkBasin,RinseSinkBasin,composite_seen,1986102525,1986102525,1986102525,1350,32,25
fresh-32-26,RinseSinkBasin,RinseSinkBasin,composite_seen,1986102526,1986102526,1986102526,1350,32,26
fresh-32-27,RinseSinkBasin,RinseSinkBasin,composite_seen,1986102527,1986102527,1986102527,1350,32,27
fresh-32-28,RinseSinkBasin,RinseSinkBasin,composite_seen,1986102528,1986102528,1986102528,1350,32,28
fresh-32-29,RinseSinkBasin,RinseSinkBasin,composite_seen,1986102529,1986102529,1986102529,1350,32,29
fresh-32-30,RinseSinkBasin,RinseSinkBasin,composite_seen,1986102530,1986102530,1986102530,1350,32,30
fresh-32-31,RinseSinkBasin,RinseSinkBasin,composite_seen,1986102531,1986102531,1986102531,1350,32,31
fresh-32-32,RinseSinkBasin,RinseSinkBasin,composite_seen,1986102532,1986102532,1986102532,1350,32,32
fresh-32-33,RinseSinkBasin,RinseSinkBasin,composite_seen,1986102533,1986102533,1986102533,1350,32,33
fresh-32-34,RinseSinkBasin,RinseSinkBasin,composite_seen,1986102534,1986102534,1986102534,1350,32,34
fresh-32-35,RinseSinkBasin,RinseSinkBasin,composite_seen,1986102535,1986102535,1986102535,1350,32,35
fresh-32-36,RinseSinkBasin,RinseSinkBasin,composite_seen,1986102536,1986102536,1986102536,1350,32,36
fresh-32-37,RinseSinkBasin,RinseSinkBasin,composite_seen,1986102537,1986102537,1986102537,1350,32,37
fresh-32-38,RinseSinkBasin,RinseSinkBasin,composite_seen,1986102538,1986102538,1986102538,1350,32,38
fresh-32-39,RinseSinkBasin,RinseSinkBasin,composite_seen,1986102539,1986102539,1986102539,1350,32,39
fresh-32-40,RinseSinkBasin,RinseSinkBasin,composite_seen,1986102540,1986102540,1986102540,1350,32,40
fresh-32-41,RinseSinkBasin,RinseSinkBasin,composite_seen,1986102541,1986102541,1986102541,1350,32,41
fresh-32-42,RinseSinkBasin,RinseSinkBasin,composite_seen,1986102542,1986102542,1986102542,1350,32,42
fresh-32-43,RinseSinkBasin,RinseSinkBasin,composite_seen,1986102543,1986102543,1986102543,1350,32,43
fresh-32-44,RinseSinkBasin,RinseSinkBasin,composite_seen,1986102544,1986102544,1986102544,1350,32,44
fresh-32-45,RinseSinkBasin,RinseSinkBasin,composite_seen,1986102545,1986102545,1986102545,1350,32,45
fresh-32-46,RinseSinkBasin,RinseSinkBasin,composite_seen,1986102546,1986102546,1986102546,1350,32,46
fresh-32-47,RinseSinkBasin,RinseSinkBasin,composite_seen,1986102547,1986102547,1986102547,1350,32,47
fresh-32-48,RinseSinkBasin,RinseSinkBasin,composite_seen,1986102548,1986102548,1986102548,1350,32,48
fresh-32-49,RinseSinkBasin,RinseSinkBasin,composite_seen,1986102549,1986102549,1986102549,1350,32,49
fresh-33-00,ScrubCuttingBoard,ScrubCuttingBoard,composite_seen,1986102550,1986102550,1986102550,1200,33,0
fresh-33-01,ScrubCuttingBoard,ScrubCuttingBoard,composite_seen,1986102551,1986102551,1986102551,1200,33,1
fresh-33-02,ScrubCuttingBoard,ScrubCuttingBoard,composite_seen,1986102552,1986102552,1986102552,1200,33,2
fresh-33-03,ScrubCuttingBoard,ScrubCuttingBoard,composite_seen,1986102553,1986102553,1986102553,1200,33,3
fresh-33-04,ScrubCuttingBoard,ScrubCuttingBoard,composite_seen,1986102554,1986102554,1986102554,1200,33,4
fresh-33-05,ScrubCuttingBoard,ScrubCuttingBoard,composite_seen,1986102555,1986102555,1986102555,1200,33,5
fresh-33-06,ScrubCuttingBoard,ScrubCuttingBoard,composite_seen,1986102556,1986102556,1986102556,1200,33,6
fresh-33-07,ScrubCuttingBoard,ScrubCuttingBoard,composite_seen,1986102557,1986102557,1986102557,1200,33,7
fresh-33-08,ScrubCuttingBoard,ScrubCuttingBoard,composite_seen,1986102558,1986102558,1986102558,1200,33,8
fresh-33-09,ScrubCuttingBoard,ScrubCuttingBoard,composite_seen,1986102559,1986102559,1986102559,1200,33,9
fresh-33-10,ScrubCuttingBoard,ScrubCuttingBoard,composite_seen,1986102560,1986102560,1986102560,1200,33,10
fresh-33-11,ScrubCuttingBoard,ScrubCuttingBoard,composite_seen,1986102561,1986102561,1986102561,1200,33,11
fresh-33-12,ScrubCuttingBoard,ScrubCuttingBoard,composite_seen,1986102562,1986102562,1986102562,1200,33,12
fresh-33-13,ScrubCuttingBoard,ScrubCuttingBoard,composite_seen,1986102563,1986102563,1986102563,1200,33,13
fresh-33-14,ScrubCuttingBoard,ScrubCuttingBoard,composite_seen,1986102564,1986102564,1986102564,1200,33,14
fresh-33-15,ScrubCuttingBoard,ScrubCuttingBoard,composite_seen,1986102565,1986102565,1986102565,1200,33,15
fresh-33-16,ScrubCuttingBoard,ScrubCuttingBoard,composite_seen,1986102566,1986102566,1986102566,1200,33,16
fresh-33-17,ScrubCuttingBoard,ScrubCuttingBoard,composite_seen,1986102567,1986102567,1986102567,1200,33,17
fresh-33-18,ScrubCuttingBoard,ScrubCuttingBoard,composite_seen,1986102568,1986102568,1986102568,1200,33,18
fresh-33-19,ScrubCuttingBoard,ScrubCuttingBoard,composite_seen,1986102569,1986102569,1986102569,1200,33,19
fresh-33-20,ScrubCuttingBoard,ScrubCuttingBoard,composite_seen,1986102570,1986102570,1986102570,1200,33,20
fresh-33-21,ScrubCuttingBoard,ScrubCuttingBoard,composite_seen,1986102571,1986102571,1986102571,1200,33,21
fresh-33-22,ScrubCuttingBoard,ScrubCuttingBoard,composite_seen,1986102572,1986102572,1986102572,1200,33,22
fresh-33-23,ScrubCuttingBoard,ScrubCuttingBoard,composite_seen,1986102573,1986102573,1986102573,1200,33,23
fresh-33-24,ScrubCuttingBoard,ScrubCuttingBoard,composite_seen,1986102574,1986102574,1986102574,1200,33,24
fresh-33-25,ScrubCuttingBoard,ScrubCuttingBoard,composite_seen,1986102575,1986102575,1986102575,1200,33,25
fresh-33-26,ScrubCuttingBoard,ScrubCuttingBoard,composite_seen,1986102576,1986102576,1986102576,1200,33,26
fresh-33-27,ScrubCuttingBoard,ScrubCuttingBoard,composite_seen,1986102577,1986102577,1986102577,1200,33,27
fresh-33-28,ScrubCuttingBoard,ScrubCuttingBoard,composite_seen,1986102578,1986102578,1986102578,1200,33,28
fresh-33-29,ScrubCuttingBoard,ScrubCuttingBoard,composite_seen,1986102579,1986102579,1986102579,1200,33,29
fresh-33-30,ScrubCuttingBoard,ScrubCuttingBoard,composite_seen,1986102580,1986102580,1986102580,1200,33,30
fresh-33-31,ScrubCuttingBoard,ScrubCuttingBoard,composite_seen,1986102581,1986102581,1986102581,1200,33,31
fresh-33-32,ScrubCuttingBoard,ScrubCuttingBoard,composite_seen,1986102582,1986102582,1986102582,1200,33,32
fresh-33-33,ScrubCuttingBoard,ScrubCuttingBoard,composite_seen,1986102583,1986102583,1986102583,1200,33,33
fresh-33-34,ScrubCuttingBoard,ScrubCuttingBoard,composite_seen,1986102584,1986102584,1986102584,1200,33,34
fresh-33-35,ScrubCuttingBoard,ScrubCuttingBoard,composite_seen,1986102585,1986102585,1986102585,1200,33,35
fresh-33-36,ScrubCuttingBoard,ScrubCuttingBoard,composite_seen,1986102586,1986102586,1986102586,1200,33,36
fresh-33-37,ScrubCuttingBoard,ScrubCuttingBoard,composite_seen,1986102587,1986102587,1986102587,1200,33,37
fresh-33-38,ScrubCuttingBoard,ScrubCuttingBoard,composite_seen,1986102588,1986102588,1986102588,1200,33,38
fresh-33-39,ScrubCuttingBoard,ScrubCuttingBoard,composite_seen,1986102589,1986102589,1986102589,1200,33,39
fresh-33-40,ScrubCuttingBoard,ScrubCuttingBoard,composite_seen,1986102590,1986102590,1986102590,1200,33,40
fresh-33-41,ScrubCuttingBoard,ScrubCuttingBoard,composite_seen,1986102591,1986102591,1986102591,1200,33,41
fresh-33-42,ScrubCuttingBoard,ScrubCuttingBoard,composite_seen,1986102592,1986102592,1986102592,1200,33,42
fresh-33-43,ScrubCuttingBoard,ScrubCuttingBoard,composite_seen,1986102593,1986102593,1986102593,1200,33,43
fresh-33-44,ScrubCuttingBoard,ScrubCuttingBoard,composite_seen,1986102594,1986102594,1986102594,1200,33,44
fresh-33-45,ScrubCuttingBoard,ScrubCuttingBoard,composite_seen,1986102595,1986102595,1986102595,1200,33,45
fresh-33-46,ScrubCuttingBoard,ScrubCuttingBoard,composite_seen,1986102596,1986102596,1986102596,1200,33,46
fresh-33-47,ScrubCuttingBoard,ScrubCuttingBoard,composite_seen,1986102597,1986102597,1986102597,1200,33,47
fresh-33-48,ScrubCuttingBoard,ScrubCuttingBoard,composite_seen,1986102598,1986102598,1986102598,1200,33,48
fresh-33-49,ScrubCuttingBoard,ScrubCuttingBoard,composite_seen,1986102599,1986102599,1986102599,1200,33,49
fresh-34-00,SearingMeat,SearingMeat,composite_seen,1986102600,1986102600,1986102600,4350,34,0
fresh-34-01,SearingMeat,SearingMeat,composite_seen,1986102601,1986102601,1986102601,4350,34,1
fresh-34-02,SearingMeat,SearingMeat,composite_seen,1986102602,1986102602,1986102602,4350,34,2
fresh-34-03,SearingMeat,SearingMeat,composite_seen,1986102603,1986102603,1986102603,4350,34,3
fresh-34-04,SearingMeat,SearingMeat,composite_seen,1986102604,1986102604,1986102604,4350,34,4
fresh-34-05,SearingMeat,SearingMeat,composite_seen,1986102605,1986102605,1986102605,4350,34,5
fresh-34-06,SearingMeat,SearingMeat,composite_seen,1986102606,1986102606,1986102606,4350,34,6
fresh-34-07,SearingMeat,SearingMeat,composite_seen,1986102607,1986102607,1986102607,4350,34,7
fresh-34-08,SearingMeat,SearingMeat,composite_seen,1986102608,1986102608,1986102608,4350,34,8
fresh-34-09,SearingMeat,SearingMeat,composite_seen,1986102609,1986102609,1986102609,4350,34,9
fresh-34-10,SearingMeat,SearingMeat,composite_seen,1986102610,1986102610,1986102610,4350,34,10
fresh-34-11,SearingMeat,SearingMeat,composite_seen,1986102611,1986102611,1986102611,4350,34,11
fresh-34-12,SearingMeat,SearingMeat,composite_seen,1986102612,1986102612,1986102612,4350,34,12
fresh-34-13,SearingMeat,SearingMeat,composite_seen,1986102613,1986102613,1986102613,4350,34,13
fresh-34-14,SearingMeat,SearingMeat,composite_seen,1986102614,1986102614,1986102614,4350,34,14
fresh-34-15,SearingMeat,SearingMeat,composite_seen,1986102615,1986102615,1986102615,4350,34,15
fresh-34-16,SearingMeat,SearingMeat,composite_seen,1986102616,1986102616,1986102616,4350,34,16
fresh-34-17,SearingMeat,SearingMeat,composite_seen,1986102617,1986102617,1986102617,4350,34,17
fresh-34-18,SearingMeat,SearingMeat,composite_seen,1986102618,1986102618,1986102618,4350,34,18
fresh-34-19,SearingMeat,SearingMeat,composite_seen,1986102619,1986102619,1986102619,4350,34,19
fresh-34-20,SearingMeat,SearingMeat,composite_seen,1986102620,1986102620,1986102620,4350,34,20
fresh-34-21,SearingMeat,SearingMeat,composite_seen,1986102621,1986102621,1986102621,4350,34,21
fresh-34-22,SearingMeat,SearingMeat,composite_seen,1986102622,1986102622,1986102622,4350,34,22
fresh-34-23,SearingMeat,SearingMeat,composite_seen,1986102623,1986102623,1986102623,4350,34,23
fresh-34-24,SearingMeat,SearingMeat,composite_seen,1986102624,1986102624,1986102624,4350,34,24
fresh-34-25,SearingMeat,SearingMeat,composite_seen,1986102625,1986102625,1986102625,4350,34,25
fresh-34-26,SearingMeat,SearingMeat,composite_seen,1986102626,1986102626,1986102626,4350,34,26
fresh-34-27,SearingMeat,SearingMeat,composite_seen,1986102627,1986102627,1986102627,4350,34,27
fresh-34-28,SearingMeat,SearingMeat,composite_seen,1986102628,1986102628,1986102628,4350,34,28
fresh-34-29,SearingMeat,SearingMeat,composite_seen,1986102629,1986102629,1986102629,4350,34,29
fresh-34-30,SearingMeat,SearingMeat,composite_seen,1986102630,1986102630,1986102630,4350,34,30
fresh-34-31,SearingMeat,SearingMeat,composite_seen,1986102631,1986102631,1986102631,4350,34,31
fresh-34-32,SearingMeat,SearingMeat,composite_seen,1986102632,1986102632,1986102632,4350,34,32
fresh-34-33,SearingMeat,SearingMeat,composite_seen,1986102633,1986102633,1986102633,4350,34,33
fresh-34-34,SearingMeat,SearingMeat,composite_seen,1986102634,1986102634,1986102634,4350,34,34
fresh-34-35,SearingMeat,SearingMeat,composite_seen,1986102635,1986102635,1986102635,4350,34,35
fresh-34-36,SearingMeat,SearingMeat,composite_seen,1986102636,1986102636,1986102636,4350,34,36
fresh-34-37,SearingMeat,SearingMeat,composite_seen,1986102637,1986102637,1986102637,4350,34,37
fresh-34-38,SearingMeat,SearingMeat,composite_seen,1986102638,1986102638,1986102638,4350,34,38
fresh-34-39,SearingMeat,SearingMeat,composite_seen,1986102639,1986102639,1986102639,4350,34,39
fresh-34-40,SearingMeat,SearingMeat,composite_seen,1986102640,1986102640,1986102640,4350,34,40
fresh-34-41,SearingMeat,SearingMeat,composite_seen,1986102641,1986102641,1986102641,4350,34,41
fresh-34-42,SearingMeat,SearingMeat,composite_seen,1986102642,1986102642,1986102642,4350,34,42
fresh-34-43,SearingMeat,SearingMeat,composite_seen,1986102643,1986102643,1986102643,4350,34,43
fresh-34-44,SearingMeat,SearingMeat,composite_seen,1986102644,1986102644,1986102644,4350,34,44
fresh-34-45,SearingMeat,SearingMeat,composite_seen,1986102645,1986102645,1986102645,4350,34,45
fresh-34-46,SearingMeat,SearingMeat,composite_seen,1986102646,1986102646,1986102646,4350,34,46
fresh-34-47,SearingMeat,SearingMeat,composite_seen,1986102647,1986102647,1986102647,4350,34,47
fresh-34-48,SearingMeat,SearingMeat,composite_seen,1986102648,1986102648,1986102648,4350,34,48
fresh-34-49,SearingMeat,SearingMeat,composite_seen,1986102649,1986102649,1986102649,4350,34,49
fresh-35-00,SeparateFreezerRack,SeparateFreezerRack,composite_unseen,1986102650,1986102650,1986102650,2400,35,0
fresh-35-01,SeparateFreezerRack,SeparateFreezerRack,composite_unseen,1986102651,1986102651,1986102651,2400,35,1
fresh-35-02,SeparateFreezerRack,SeparateFreezerRack,composite_unseen,1986102652,1986102652,1986102652,2400,35,2
fresh-35-03,SeparateFreezerRack,SeparateFreezerRack,composite_unseen,1986102653,1986102653,1986102653,2400,35,3
fresh-35-04,SeparateFreezerRack,SeparateFreezerRack,composite_unseen,1986102654,1986102654,1986102654,2400,35,4
fresh-35-05,SeparateFreezerRack,SeparateFreezerRack,composite_unseen,1986102655,1986102655,1986102655,2400,35,5
fresh-35-06,SeparateFreezerRack,SeparateFreezerRack,composite_unseen,1986102656,1986102656,1986102656,2400,35,6
fresh-35-07,SeparateFreezerRack,SeparateFreezerRack,composite_unseen,1986102657,1986102657,1986102657,2400,35,7
fresh-35-08,SeparateFreezerRack,SeparateFreezerRack,composite_unseen,1986102658,1986102658,1986102658,2400,35,8
fresh-35-09,SeparateFreezerRack,SeparateFreezerRack,composite_unseen,1986102659,1986102659,1986102659,2400,35,9
fresh-35-10,SeparateFreezerRack,SeparateFreezerRack,composite_unseen,1986102660,1986102660,1986102660,2400,35,10
fresh-35-11,SeparateFreezerRack,SeparateFreezerRack,composite_unseen,1986102661,1986102661,1986102661,2400,35,11
fresh-35-12,SeparateFreezerRack,SeparateFreezerRack,composite_unseen,1986102662,1986102662,1986102662,2400,35,12
fresh-35-13,SeparateFreezerRack,SeparateFreezerRack,composite_unseen,1986102663,1986102663,1986102663,2400,35,13
fresh-35-14,SeparateFreezerRack,SeparateFreezerRack,composite_unseen,1986102664,1986102664,1986102664,2400,35,14
fresh-35-15,SeparateFreezerRack,SeparateFreezerRack,composite_unseen,1986102665,1986102665,1986102665,2400,35,15
fresh-35-16,SeparateFreezerRack,SeparateFreezerRack,composite_unseen,1986102666,1986102666,1986102666,2400,35,16
fresh-35-17,SeparateFreezerRack,SeparateFreezerRack,composite_unseen,1986102667,1986102667,1986102667,2400,35,17
fresh-35-18,SeparateFreezerRack,SeparateFreezerRack,composite_unseen,1986102668,1986102668,1986102668,2400,35,18
fresh-35-19,SeparateFreezerRack,SeparateFreezerRack,composite_unseen,1986102669,1986102669,1986102669,2400,35,19
fresh-35-20,SeparateFreezerRack,SeparateFreezerRack,composite_unseen,1986102670,1986102670,1986102670,2400,35,20
fresh-35-21,SeparateFreezerRack,SeparateFreezerRack,composite_unseen,1986102671,1986102671,1986102671,2400,35,21
fresh-35-22,SeparateFreezerRack,SeparateFreezerRack,composite_unseen,1986102672,1986102672,1986102672,2400,35,22
fresh-35-23,SeparateFreezerRack,SeparateFreezerRack,composite_unseen,1986102673,1986102673,1986102673,2400,35,23
fresh-35-24,SeparateFreezerRack,SeparateFreezerRack,composite_unseen,1986102674,1986102674,1986102674,2400,35,24
fresh-35-25,SeparateFreezerRack,SeparateFreezerRack,composite_unseen,1986102675,1986102675,1986102675,2400,35,25
fresh-35-26,SeparateFreezerRack,SeparateFreezerRack,composite_unseen,1986102676,1986102676,1986102676,2400,35,26
fresh-35-27,SeparateFreezerRack,SeparateFreezerRack,composite_unseen,1986102677,1986102677,1986102677,2400,35,27
fresh-35-28,SeparateFreezerRack,SeparateFreezerRack,composite_unseen,1986102678,1986102678,1986102678,2400,35,28
fresh-35-29,SeparateFreezerRack,SeparateFreezerRack,composite_unseen,1986102679,1986102679,1986102679,2400,35,29
fresh-35-30,SeparateFreezerRack,SeparateFreezerRack,composite_unseen,1986102680,1986102680,1986102680,2400,35,30
fresh-35-31,SeparateFreezerRack,SeparateFreezerRack,composite_unseen,1986102681,1986102681,1986102681,2400,35,31
fresh-35-32,SeparateFreezerRack,SeparateFreezerRack,composite_unseen,1986102682,1986102682,1986102682,2400,35,32
fresh-35-33,SeparateFreezerRack,SeparateFreezerRack,composite_unseen,1986102683,1986102683,1986102683,2400,35,33
fresh-35-34,SeparateFreezerRack,SeparateFreezerRack,composite_unseen,1986102684,1986102684,1986102684,2400,35,34
fresh-35-35,SeparateFreezerRack,SeparateFreezerRack,composite_unseen,1986102685,1986102685,1986102685,2400,35,35
fresh-35-36,SeparateFreezerRack,SeparateFreezerRack,composite_unseen,1986102686,1986102686,1986102686,2400,35,36
fresh-35-37,SeparateFreezerRack,SeparateFreezerRack,composite_unseen,1986102687,1986102687,1986102687,2400,35,37
fresh-35-38,SeparateFreezerRack,SeparateFreezerRack,composite_unseen,1986102688,1986102688,1986102688,2400,35,38
fresh-35-39,SeparateFreezerRack,SeparateFreezerRack,composite_unseen,1986102689,1986102689,1986102689,2400,35,39
fresh-35-40,SeparateFreezerRack,SeparateFreezerRack,composite_unseen,1986102690,1986102690,1986102690,2400,35,40
fresh-35-41,SeparateFreezerRack,SeparateFreezerRack,composite_unseen,1986102691,1986102691,1986102691,2400,35,41
fresh-35-42,SeparateFreezerRack,SeparateFreezerRack,composite_unseen,1986102692,1986102692,1986102692,2400,35,42
fresh-35-43,SeparateFreezerRack,SeparateFreezerRack,composite_unseen,1986102693,1986102693,1986102693,2400,35,43
fresh-35-44,SeparateFreezerRack,SeparateFreezerRack,composite_unseen,1986102694,1986102694,1986102694,2400,35,44
fresh-35-45,SeparateFreezerRack,SeparateFreezerRack,composite_unseen,1986102695,1986102695,1986102695,2400,35,45
fresh-35-46,SeparateFreezerRack,SeparateFreezerRack,composite_unseen,1986102696,1986102696,1986102696,2400,35,46
fresh-35-47,SeparateFreezerRack,SeparateFreezerRack,composite_unseen,1986102697,1986102697,1986102697,2400,35,47
fresh-35-48,SeparateFreezerRack,SeparateFreezerRack,composite_unseen,1986102698,1986102698,1986102698,2400,35,48
fresh-35-49,SeparateFreezerRack,SeparateFreezerRack,composite_unseen,1986102699,1986102699,1986102699,2400,35,49
fresh-36-00,SetUpCuttingStation,SetUpCuttingStation,composite_seen,1986102700,1986102700,1986102700,2400,36,0
fresh-36-01,SetUpCuttingStation,SetUpCuttingStation,composite_seen,1986102701,1986102701,1986102701,2400,36,1
fresh-36-02,SetUpCuttingStation,SetUpCuttingStation,composite_seen,1986102702,1986102702,1986102702,2400,36,2
fresh-36-03,SetUpCuttingStation,SetUpCuttingStation,composite_seen,1986102703,1986102703,1986102703,2400,36,3
fresh-36-04,SetUpCuttingStation,SetUpCuttingStation,composite_seen,1986102704,1986102704,1986102704,2400,36,4
fresh-36-05,SetUpCuttingStation,SetUpCuttingStation,composite_seen,1986102705,1986102705,1986102705,2400,36,5
fresh-36-06,SetUpCuttingStation,SetUpCuttingStation,composite_seen,1986102706,1986102706,1986102706,2400,36,6
fresh-36-07,SetUpCuttingStation,SetUpCuttingStation,composite_seen,1986102707,1986102707,1986102707,2400,36,7
fresh-36-08,SetUpCuttingStation,SetUpCuttingStation,composite_seen,1986102708,1986102708,1986102708,2400,36,8
fresh-36-09,SetUpCuttingStation,SetUpCuttingStation,composite_seen,1986102709,1986102709,1986102709,2400,36,9
fresh-36-10,SetUpCuttingStation,SetUpCuttingStation,composite_seen,1986102710,1986102710,1986102710,2400,36,10
fresh-36-11,SetUpCuttingStation,SetUpCuttingStation,composite_seen,1986102711,1986102711,1986102711,2400,36,11
fresh-36-12,SetUpCuttingStation,SetUpCuttingStation,composite_seen,1986102712,1986102712,1986102712,2400,36,12
fresh-36-13,SetUpCuttingStation,SetUpCuttingStation,composite_seen,1986102713,1986102713,1986102713,2400,36,13
fresh-36-14,SetUpCuttingStation,SetUpCuttingStation,composite_seen,1986102714,1986102714,1986102714,2400,36,14
fresh-36-15,SetUpCuttingStation,SetUpCuttingStation,composite_seen,1986102715,1986102715,1986102715,2400,36,15
fresh-36-16,SetUpCuttingStation,SetUpCuttingStation,composite_seen,1986102716,1986102716,1986102716,2400,36,16
fresh-36-17,SetUpCuttingStation,SetUpCuttingStation,composite_seen,1986102717,1986102717,1986102717,2400,36,17
fresh-36-18,SetUpCuttingStation,SetUpCuttingStation,composite_seen,1986102718,1986102718,1986102718,2400,36,18
fresh-36-19,SetUpCuttingStation,SetUpCuttingStation,composite_seen,1986102719,1986102719,1986102719,2400,36,19
fresh-36-20,SetUpCuttingStation,SetUpCuttingStation,composite_seen,1986102720,1986102720,1986102720,2400,36,20
fresh-36-21,SetUpCuttingStation,SetUpCuttingStation,composite_seen,1986102721,1986102721,1986102721,2400,36,21
fresh-36-22,SetUpCuttingStation,SetUpCuttingStation,composite_seen,1986102722,1986102722,1986102722,2400,36,22
fresh-36-23,SetUpCuttingStation,SetUpCuttingStation,composite_seen,1986102723,1986102723,1986102723,2400,36,23
fresh-36-24,SetUpCuttingStation,SetUpCuttingStation,composite_seen,1986102724,1986102724,1986102724,2400,36,24
fresh-36-25,SetUpCuttingStation,SetUpCuttingStation,composite_seen,1986102725,1986102725,1986102725,2400,36,25
fresh-36-26,SetUpCuttingStation,SetUpCuttingStation,composite_seen,1986102726,1986102726,1986102726,2400,36,26
fresh-36-27,SetUpCuttingStation,SetUpCuttingStation,composite_seen,1986102727,1986102727,1986102727,2400,36,27
fresh-36-28,SetUpCuttingStation,SetUpCuttingStation,composite_seen,1986102728,1986102728,1986102728,2400,36,28
fresh-36-29,SetUpCuttingStation,SetUpCuttingStation,composite_seen,1986102729,1986102729,1986102729,2400,36,29
fresh-36-30,SetUpCuttingStation,SetUpCuttingStation,composite_seen,1986102730,1986102730,1986102730,2400,36,30
fresh-36-31,SetUpCuttingStation,SetUpCuttingStation,composite_seen,1986102731,1986102731,1986102731,2400,36,31
fresh-36-32,SetUpCuttingStation,SetUpCuttingStation,composite_seen,1986102732,1986102732,1986102732,2400,36,32
fresh-36-33,SetUpCuttingStation,SetUpCuttingStation,composite_seen,1986102733,1986102733,1986102733,2400,36,33
fresh-36-34,SetUpCuttingStation,SetUpCuttingStation,composite_seen,1986102734,1986102734,1986102734,2400,36,34
fresh-36-35,SetUpCuttingStation,SetUpCuttingStation,composite_seen,1986102735,1986102735,1986102735,2400,36,35
fresh-36-36,SetUpCuttingStation,SetUpCuttingStation,composite_seen,1986102736,1986102736,1986102736,2400,36,36
fresh-36-37,SetUpCuttingStation,SetUpCuttingStation,composite_seen,1986102737,1986102737,1986102737,2400,36,37
fresh-36-38,SetUpCuttingStation,SetUpCuttingStation,composite_seen,1986102738,1986102738,1986102738,2400,36,38
fresh-36-39,SetUpCuttingStation,SetUpCuttingStation,composite_seen,1986102739,1986102739,1986102739,2400,36,39
fresh-36-40,SetUpCuttingStation,SetUpCuttingStation,composite_seen,1986102740,1986102740,1986102740,2400,36,40
fresh-36-41,SetUpCuttingStation,SetUpCuttingStation,composite_seen,1986102741,1986102741,1986102741,2400,36,41
fresh-36-42,SetUpCuttingStation,SetUpCuttingStation,composite_seen,1986102742,1986102742,1986102742,2400,36,42
fresh-36-43,SetUpCuttingStation,SetUpCuttingStation,composite_seen,1986102743,1986102743,1986102743,2400,36,43
fresh-36-44,SetUpCuttingStation,SetUpCuttingStation,composite_seen,1986102744,1986102744,1986102744,2400,36,44
fresh-36-45,SetUpCuttingStation,SetUpCuttingStation,composite_seen,1986102745,1986102745,1986102745,2400,36,45
fresh-36-46,SetUpCuttingStation,SetUpCuttingStation,composite_seen,1986102746,1986102746,1986102746,2400,36,46
fresh-36-47,SetUpCuttingStation,SetUpCuttingStation,composite_seen,1986102747,1986102747,1986102747,2400,36,47
fresh-36-48,SetUpCuttingStation,SetUpCuttingStation,composite_seen,1986102748,1986102748,1986102748,2400,36,48
fresh-36-49,SetUpCuttingStation,SetUpCuttingStation,composite_seen,1986102749,1986102749,1986102749,2400,36,49
fresh-37-00,SlideDishwasherRack,SlideDishwasherRack,atomic_seen,1986102750,1986102750,1986102750,450,37,0
fresh-37-01,SlideDishwasherRack,SlideDishwasherRack,atomic_seen,1986102751,1986102751,1986102751,450,37,1
fresh-37-02,SlideDishwasherRack,SlideDishwasherRack,atomic_seen,1986102752,1986102752,1986102752,450,37,2
fresh-37-03,SlideDishwasherRack,SlideDishwasherRack,atomic_seen,1986102753,1986102753,1986102753,450,37,3
fresh-37-04,SlideDishwasherRack,SlideDishwasherRack,atomic_seen,1986102754,1986102754,1986102754,450,37,4
fresh-37-05,SlideDishwasherRack,SlideDishwasherRack,atomic_seen,1986102755,1986102755,1986102755,450,37,5
fresh-37-06,SlideDishwasherRack,SlideDishwasherRack,atomic_seen,1986102756,1986102756,1986102756,450,37,6
fresh-37-07,SlideDishwasherRack,SlideDishwasherRack,atomic_seen,1986102757,1986102757,1986102757,450,37,7
fresh-37-08,SlideDishwasherRack,SlideDishwasherRack,atomic_seen,1986102758,1986102758,1986102758,450,37,8
fresh-37-09,SlideDishwasherRack,SlideDishwasherRack,atomic_seen,1986102759,1986102759,1986102759,450,37,9
fresh-37-10,SlideDishwasherRack,SlideDishwasherRack,atomic_seen,1986102760,1986102760,1986102760,450,37,10
fresh-37-11,SlideDishwasherRack,SlideDishwasherRack,atomic_seen,1986102761,1986102761,1986102761,450,37,11
fresh-37-12,SlideDishwasherRack,SlideDishwasherRack,atomic_seen,1986102762,1986102762,1986102762,450,37,12
fresh-37-13,SlideDishwasherRack,SlideDishwasherRack,atomic_seen,1986102763,1986102763,1986102763,450,37,13
fresh-37-14,SlideDishwasherRack,SlideDishwasherRack,atomic_seen,1986102764,1986102764,1986102764,450,37,14
fresh-37-15,SlideDishwasherRack,SlideDishwasherRack,atomic_seen,1986102765,1986102765,1986102765,450,37,15
fresh-37-16,SlideDishwasherRack,SlideDishwasherRack,atomic_seen,1986102766,1986102766,1986102766,450,37,16
fresh-37-17,SlideDishwasherRack,SlideDishwasherRack,atomic_seen,1986102767,1986102767,1986102767,450,37,17
fresh-37-18,SlideDishwasherRack,SlideDishwasherRack,atomic_seen,1986102768,1986102768,1986102768,450,37,18
fresh-37-19,SlideDishwasherRack,SlideDishwasherRack,atomic_seen,1986102769,1986102769,1986102769,450,37,19
fresh-37-20,SlideDishwasherRack,SlideDishwasherRack,atomic_seen,1986102770,1986102770,1986102770,450,37,20
fresh-37-21,SlideDishwasherRack,SlideDishwasherRack,atomic_seen,1986102771,1986102771,1986102771,450,37,21
fresh-37-22,SlideDishwasherRack,SlideDishwasherRack,atomic_seen,1986102772,1986102772,1986102772,450,37,22
fresh-37-23,SlideDishwasherRack,SlideDishwasherRack,atomic_seen,1986102773,1986102773,1986102773,450,37,23
fresh-37-24,SlideDishwasherRack,SlideDishwasherRack,atomic_seen,1986102774,1986102774,1986102774,450,37,24
fresh-37-25,SlideDishwasherRack,SlideDishwasherRack,atomic_seen,1986102775,1986102775,1986102775,450,37,25
fresh-37-26,SlideDishwasherRack,SlideDishwasherRack,atomic_seen,1986102776,1986102776,1986102776,450,37,26
fresh-37-27,SlideDishwasherRack,SlideDishwasherRack,atomic_seen,1986102777,1986102777,1986102777,450,37,27
fresh-37-28,SlideDishwasherRack,SlideDishwasherRack,atomic_seen,1986102778,1986102778,1986102778,450,37,28
fresh-37-29,SlideDishwasherRack,SlideDishwasherRack,atomic_seen,1986102779,1986102779,1986102779,450,37,29
fresh-37-30,SlideDishwasherRack,SlideDishwasherRack,atomic_seen,1986102780,1986102780,1986102780,450,37,30
fresh-37-31,SlideDishwasherRack,SlideDishwasherRack,atomic_seen,1986102781,1986102781,1986102781,450,37,31
fresh-37-32,SlideDishwasherRack,SlideDishwasherRack,atomic_seen,1986102782,1986102782,1986102782,450,37,32
fresh-37-33,SlideDishwasherRack,SlideDishwasherRack,atomic_seen,1986102783,1986102783,1986102783,450,37,33
fresh-37-34,SlideDishwasherRack,SlideDishwasherRack,atomic_seen,1986102784,1986102784,1986102784,450,37,34
fresh-37-35,SlideDishwasherRack,SlideDishwasherRack,atomic_seen,1986102785,1986102785,1986102785,450,37,35
fresh-37-36,SlideDishwasherRack,SlideDishwasherRack,atomic_seen,1986102786,1986102786,1986102786,450,37,36
fresh-37-37,SlideDishwasherRack,SlideDishwasherRack,atomic_seen,1986102787,1986102787,1986102787,450,37,37
fresh-37-38,SlideDishwasherRack,SlideDishwasherRack,atomic_seen,1986102788,1986102788,1986102788,450,37,38
fresh-37-39,SlideDishwasherRack,SlideDishwasherRack,atomic_seen,1986102789,1986102789,1986102789,450,37,39
fresh-37-40,SlideDishwasherRack,SlideDishwasherRack,atomic_seen,1986102790,1986102790,1986102790,450,37,40
fresh-37-41,SlideDishwasherRack,SlideDishwasherRack,atomic_seen,1986102791,1986102791,1986102791,450,37,41
fresh-37-42,SlideDishwasherRack,SlideDishwasherRack,atomic_seen,1986102792,1986102792,1986102792,450,37,42
fresh-37-43,SlideDishwasherRack,SlideDishwasherRack,atomic_seen,1986102793,1986102793,1986102793,450,37,43
fresh-37-44,SlideDishwasherRack,SlideDishwasherRack,atomic_seen,1986102794,1986102794,1986102794,450,37,44
fresh-37-45,SlideDishwasherRack,SlideDishwasherRack,atomic_seen,1986102795,1986102795,1986102795,450,37,45
fresh-37-46,SlideDishwasherRack,SlideDishwasherRack,atomic_seen,1986102796,1986102796,1986102796,450,37,46
fresh-37-47,SlideDishwasherRack,SlideDishwasherRack,atomic_seen,1986102797,1986102797,1986102797,450,37,47
fresh-37-48,SlideDishwasherRack,SlideDishwasherRack,atomic_seen,1986102798,1986102798,1986102798,450,37,48
fresh-37-49,SlideDishwasherRack,SlideDishwasherRack,atomic_seen,1986102799,1986102799,1986102799,450,37,49
fresh-38-00,StackBowlsCabinet,StackBowlsCabinet,composite_seen,1986102800,1986102800,1986102800,2100,38,0
fresh-38-01,StackBowlsCabinet,StackBowlsCabinet,composite_seen,1986102801,1986102801,1986102801,2100,38,1
fresh-38-02,StackBowlsCabinet,StackBowlsCabinet,composite_seen,1986102802,1986102802,1986102802,2100,38,2
fresh-38-03,StackBowlsCabinet,StackBowlsCabinet,composite_seen,1986102803,1986102803,1986102803,2100,38,3
fresh-38-04,StackBowlsCabinet,StackBowlsCabinet,composite_seen,1986102804,1986102804,1986102804,2100,38,4
fresh-38-05,StackBowlsCabinet,StackBowlsCabinet,composite_seen,1986102805,1986102805,1986102805,2100,38,5
fresh-38-06,StackBowlsCabinet,StackBowlsCabinet,composite_seen,1986102806,1986102806,1986102806,2100,38,6
fresh-38-07,StackBowlsCabinet,StackBowlsCabinet,composite_seen,1986102807,1986102807,1986102807,2100,38,7
fresh-38-08,StackBowlsCabinet,StackBowlsCabinet,composite_seen,1986102808,1986102808,1986102808,2100,38,8
fresh-38-09,StackBowlsCabinet,StackBowlsCabinet,composite_seen,1986102809,1986102809,1986102809,2100,38,9
fresh-38-10,StackBowlsCabinet,StackBowlsCabinet,composite_seen,1986102810,1986102810,1986102810,2100,38,10
fresh-38-11,StackBowlsCabinet,StackBowlsCabinet,composite_seen,1986102811,1986102811,1986102811,2100,38,11
fresh-38-12,StackBowlsCabinet,StackBowlsCabinet,composite_seen,1986102812,1986102812,1986102812,2100,38,12
fresh-38-13,StackBowlsCabinet,StackBowlsCabinet,composite_seen,1986102813,1986102813,1986102813,2100,38,13
fresh-38-14,StackBowlsCabinet,StackBowlsCabinet,composite_seen,1986102814,1986102814,1986102814,2100,38,14
fresh-38-15,StackBowlsCabinet,StackBowlsCabinet,composite_seen,1986102815,1986102815,1986102815,2100,38,15
fresh-38-16,StackBowlsCabinet,StackBowlsCabinet,composite_seen,1986102816,1986102816,1986102816,2100,38,16
fresh-38-17,StackBowlsCabinet,StackBowlsCabinet,composite_seen,1986102817,1986102817,1986102817,2100,38,17
fresh-38-18,StackBowlsCabinet,StackBowlsCabinet,composite_seen,1986102818,1986102818,1986102818,2100,38,18
fresh-38-19,StackBowlsCabinet,StackBowlsCabinet,composite_seen,1986102819,1986102819,1986102819,2100,38,19
fresh-38-20,StackBowlsCabinet,StackBowlsCabinet,composite_seen,1986102820,1986102820,1986102820,2100,38,20
fresh-38-21,StackBowlsCabinet,StackBowlsCabinet,composite_seen,1986102821,1986102821,1986102821,2100,38,21
fresh-38-22,StackBowlsCabinet,StackBowlsCabinet,composite_seen,1986102822,1986102822,1986102822,2100,38,22
fresh-38-23,StackBowlsCabinet,StackBowlsCabinet,composite_seen,1986102823,1986102823,1986102823,2100,38,23
fresh-38-24,StackBowlsCabinet,StackBowlsCabinet,composite_seen,1986102824,1986102824,1986102824,2100,38,24
fresh-38-25,StackBowlsCabinet,StackBowlsCabinet,composite_seen,1986102825,1986102825,1986102825,2100,38,25
fresh-38-26,StackBowlsCabinet,StackBowlsCabinet,composite_seen,1986102826,1986102826,1986102826,2100,38,26
fresh-38-27,StackBowlsCabinet,StackBowlsCabinet,composite_seen,1986102827,1986102827,1986102827,2100,38,27
fresh-38-28,StackBowlsCabinet,StackBowlsCabinet,composite_seen,1986102828,1986102828,1986102828,2100,38,28
fresh-38-29,StackBowlsCabinet,StackBowlsCabinet,composite_seen,1986102829,1986102829,1986102829,2100,38,29
fresh-38-30,StackBowlsCabinet,StackBowlsCabinet,composite_seen,1986102830,1986102830,1986102830,2100,38,30
fresh-38-31,StackBowlsCabinet,StackBowlsCabinet,composite_seen,1986102831,1986102831,1986102831,2100,38,31
fresh-38-32,StackBowlsCabinet,StackBowlsCabinet,composite_seen,1986102832,1986102832,1986102832,2100,38,32
fresh-38-33,StackBowlsCabinet,StackBowlsCabinet,composite_seen,1986102833,1986102833,1986102833,2100,38,33
fresh-38-34,StackBowlsCabinet,StackBowlsCabinet,composite_seen,1986102834,1986102834,1986102834,2100,38,34
fresh-38-35,StackBowlsCabinet,StackBowlsCabinet,composite_seen,1986102835,1986102835,1986102835,2100,38,35
fresh-38-36,StackBowlsCabinet,StackBowlsCabinet,composite_seen,1986102836,1986102836,1986102836,2100,38,36
fresh-38-37,StackBowlsCabinet,StackBowlsCabinet,composite_seen,1986102837,1986102837,1986102837,2100,38,37
fresh-38-38,StackBowlsCabinet,StackBowlsCabinet,composite_seen,1986102838,1986102838,1986102838,2100,38,38
fresh-38-39,StackBowlsCabinet,StackBowlsCabinet,composite_seen,1986102839,1986102839,1986102839,2100,38,39
fresh-38-40,StackBowlsCabinet,StackBowlsCabinet,composite_seen,1986102840,1986102840,1986102840,2100,38,40
fresh-38-41,StackBowlsCabinet,StackBowlsCabinet,composite_seen,1986102841,1986102841,1986102841,2100,38,41
fresh-38-42,StackBowlsCabinet,StackBowlsCabinet,composite_seen,1986102842,1986102842,1986102842,2100,38,42
fresh-38-43,StackBowlsCabinet,StackBowlsCabinet,composite_seen,1986102843,1986102843,1986102843,2100,38,43
fresh-38-44,StackBowlsCabinet,StackBowlsCabinet,composite_seen,1986102844,1986102844,1986102844,2100,38,44
fresh-38-45,StackBowlsCabinet,StackBowlsCabinet,composite_seen,1986102845,1986102845,1986102845,2100,38,45
fresh-38-46,StackBowlsCabinet,StackBowlsCabinet,composite_seen,1986102846,1986102846,1986102846,2100,38,46
fresh-38-47,StackBowlsCabinet,StackBowlsCabinet,composite_seen,1986102847,1986102847,1986102847,2100,38,47
fresh-38-48,StackBowlsCabinet,StackBowlsCabinet,composite_seen,1986102848,1986102848,1986102848,2100,38,48
fresh-38-49,StackBowlsCabinet,StackBowlsCabinet,composite_seen,1986102849,1986102849,1986102849,2100,38,49
fresh-39-00,SteamInMicrowave,SteamInMicrowave,composite_seen,1986102850,1986102850,1986102850,2100,39,0
fresh-39-01,SteamInMicrowave,SteamInMicrowave,composite_seen,1986102851,1986102851,1986102851,2100,39,1
fresh-39-02,SteamInMicrowave,SteamInMicrowave,composite_seen,1986102852,1986102852,1986102852,2100,39,2
fresh-39-03,SteamInMicrowave,SteamInMicrowave,composite_seen,1986102853,1986102853,1986102853,2100,39,3
fresh-39-04,SteamInMicrowave,SteamInMicrowave,composite_seen,1986102854,1986102854,1986102854,2100,39,4
fresh-39-05,SteamInMicrowave,SteamInMicrowave,composite_seen,1986102855,1986102855,1986102855,2100,39,5
fresh-39-06,SteamInMicrowave,SteamInMicrowave,composite_seen,1986102856,1986102856,1986102856,2100,39,6
fresh-39-07,SteamInMicrowave,SteamInMicrowave,composite_seen,1986102857,1986102857,1986102857,2100,39,7
fresh-39-08,SteamInMicrowave,SteamInMicrowave,composite_seen,1986102858,1986102858,1986102858,2100,39,8
fresh-39-09,SteamInMicrowave,SteamInMicrowave,composite_seen,1986102859,1986102859,1986102859,2100,39,9
fresh-39-10,SteamInMicrowave,SteamInMicrowave,composite_seen,1986102860,1986102860,1986102860,2100,39,10
fresh-39-11,SteamInMicrowave,SteamInMicrowave,composite_seen,1986102861,1986102861,1986102861,2100,39,11
fresh-39-12,SteamInMicrowave,SteamInMicrowave,composite_seen,1986102862,1986102862,1986102862,2100,39,12
fresh-39-13,SteamInMicrowave,SteamInMicrowave,composite_seen,1986102863,1986102863,1986102863,2100,39,13
fresh-39-14,SteamInMicrowave,SteamInMicrowave,composite_seen,1986102864,1986102864,1986102864,2100,39,14
fresh-39-15,SteamInMicrowave,SteamInMicrowave,composite_seen,1986102865,1986102865,1986102865,2100,39,15
fresh-39-16,SteamInMicrowave,SteamInMicrowave,composite_seen,1986102866,1986102866,1986102866,2100,39,16
fresh-39-17,SteamInMicrowave,SteamInMicrowave,composite_seen,1986102867,1986102867,1986102867,2100,39,17
fresh-39-18,SteamInMicrowave,SteamInMicrowave,composite_seen,1986102868,1986102868,1986102868,2100,39,18
fresh-39-19,SteamInMicrowave,SteamInMicrowave,composite_seen,1986102869,1986102869,1986102869,2100,39,19
fresh-39-20,SteamInMicrowave,SteamInMicrowave,composite_seen,1986102870,1986102870,1986102870,2100,39,20
fresh-39-21,SteamInMicrowave,SteamInMicrowave,composite_seen,1986102871,1986102871,1986102871,2100,39,21
fresh-39-22,SteamInMicrowave,SteamInMicrowave,composite_seen,1986102872,1986102872,1986102872,2100,39,22
fresh-39-23,SteamInMicrowave,SteamInMicrowave,composite_seen,1986102873,1986102873,1986102873,2100,39,23
fresh-39-24,SteamInMicrowave,SteamInMicrowave,composite_seen,1986102874,1986102874,1986102874,2100,39,24
fresh-39-25,SteamInMicrowave,SteamInMicrowave,composite_seen,1986102875,1986102875,1986102875,2100,39,25
fresh-39-26,SteamInMicrowave,SteamInMicrowave,composite_seen,1986102876,1986102876,1986102876,2100,39,26
fresh-39-27,SteamInMicrowave,SteamInMicrowave,composite_seen,1986102877,1986102877,1986102877,2100,39,27
fresh-39-28,SteamInMicrowave,SteamInMicrowave,composite_seen,1986102878,1986102878,1986102878,2100,39,28
fresh-39-29,SteamInMicrowave,SteamInMicrowave,composite_seen,1986102879,1986102879,1986102879,2100,39,29
fresh-39-30,SteamInMicrowave,SteamInMicrowave,composite_seen,1986102880,1986102880,1986102880,2100,39,30
fresh-39-31,SteamInMicrowave,SteamInMicrowave,composite_seen,1986102881,1986102881,1986102881,2100,39,31
fresh-39-32,SteamInMicrowave,SteamInMicrowave,composite_seen,1986102882,1986102882,1986102882,2100,39,32
fresh-39-33,SteamInMicrowave,SteamInMicrowave,composite_seen,1986102883,1986102883,1986102883,2100,39,33
fresh-39-34,SteamInMicrowave,SteamInMicrowave,composite_seen,1986102884,1986102884,1986102884,2100,39,34
fresh-39-35,SteamInMicrowave,SteamInMicrowave,composite_seen,1986102885,1986102885,1986102885,2100,39,35
fresh-39-36,SteamInMicrowave,SteamInMicrowave,composite_seen,1986102886,1986102886,1986102886,2100,39,36
fresh-39-37,SteamInMicrowave,SteamInMicrowave,composite_seen,1986102887,1986102887,1986102887,2100,39,37
fresh-39-38,SteamInMicrowave,SteamInMicrowave,composite_seen,1986102888,1986102888,1986102888,2100,39,38
fresh-39-39,SteamInMicrowave,SteamInMicrowave,composite_seen,1986102889,1986102889,1986102889,2100,39,39
fresh-39-40,SteamInMicrowave,SteamInMicrowave,composite_seen,1986102890,1986102890,1986102890,2100,39,40
fresh-39-41,SteamInMicrowave,SteamInMicrowave,composite_seen,1986102891,1986102891,1986102891,2100,39,41
fresh-39-42,SteamInMicrowave,SteamInMicrowave,composite_seen,1986102892,1986102892,1986102892,2100,39,42
fresh-39-43,SteamInMicrowave,SteamInMicrowave,composite_seen,1986102893,1986102893,1986102893,2100,39,43
fresh-39-44,SteamInMicrowave,SteamInMicrowave,composite_seen,1986102894,1986102894,1986102894,2100,39,44
fresh-39-45,SteamInMicrowave,SteamInMicrowave,composite_seen,1986102895,1986102895,1986102895,2100,39,45
fresh-39-46,SteamInMicrowave,SteamInMicrowave,composite_seen,1986102896,1986102896,1986102896,2100,39,46
fresh-39-47,SteamInMicrowave,SteamInMicrowave,composite_seen,1986102897,1986102897,1986102897,2100,39,47
fresh-39-48,SteamInMicrowave,SteamInMicrowave,composite_seen,1986102898,1986102898,1986102898,2100,39,48
fresh-39-49,SteamInMicrowave,SteamInMicrowave,composite_seen,1986102899,1986102899,1986102899,2100,39,49
fresh-40-00,StirVegetables,StirVegetables,composite_seen,1986102900,1986102900,1986102900,2400,40,0
fresh-40-01,StirVegetables,StirVegetables,composite_seen,1986102901,1986102901,1986102901,2400,40,1
fresh-40-02,StirVegetables,StirVegetables,composite_seen,1986102902,1986102902,1986102902,2400,40,2
fresh-40-03,StirVegetables,StirVegetables,composite_seen,1986102903,1986102903,1986102903,2400,40,3
fresh-40-04,StirVegetables,StirVegetables,composite_seen,1986102904,1986102904,1986102904,2400,40,4
fresh-40-05,StirVegetables,StirVegetables,composite_seen,1986102905,1986102905,1986102905,2400,40,5
fresh-40-06,StirVegetables,StirVegetables,composite_seen,1986102906,1986102906,1986102906,2400,40,6
fresh-40-07,StirVegetables,StirVegetables,composite_seen,1986102907,1986102907,1986102907,2400,40,7
fresh-40-08,StirVegetables,StirVegetables,composite_seen,1986102908,1986102908,1986102908,2400,40,8
fresh-40-09,StirVegetables,StirVegetables,composite_seen,1986102909,1986102909,1986102909,2400,40,9
fresh-40-10,StirVegetables,StirVegetables,composite_seen,1986102910,1986102910,1986102910,2400,40,10
fresh-40-11,StirVegetables,StirVegetables,composite_seen,1986102911,1986102911,1986102911,2400,40,11
fresh-40-12,StirVegetables,StirVegetables,composite_seen,1986102912,1986102912,1986102912,2400,40,12
fresh-40-13,StirVegetables,StirVegetables,composite_seen,1986102913,1986102913,1986102913,2400,40,13
fresh-40-14,StirVegetables,StirVegetables,composite_seen,1986102914,1986102914,1986102914,2400,40,14
fresh-40-15,StirVegetables,StirVegetables,composite_seen,1986102915,1986102915,1986102915,2400,40,15
fresh-40-16,StirVegetables,StirVegetables,composite_seen,1986102916,1986102916,1986102916,2400,40,16
fresh-40-17,StirVegetables,StirVegetables,composite_seen,1986102917,1986102917,1986102917,2400,40,17
fresh-40-18,StirVegetables,StirVegetables,composite_seen,1986102918,1986102918,1986102918,2400,40,18
fresh-40-19,StirVegetables,StirVegetables,composite_seen,1986102919,1986102919,1986102919,2400,40,19
fresh-40-20,StirVegetables,StirVegetables,composite_seen,1986102920,1986102920,1986102920,2400,40,20
fresh-40-21,StirVegetables,StirVegetables,composite_seen,1986102921,1986102921,1986102921,2400,40,21
fresh-40-22,StirVegetables,StirVegetables,composite_seen,1986102922,1986102922,1986102922,2400,40,22
fresh-40-23,StirVegetables,StirVegetables,composite_seen,1986102923,1986102923,1986102923,2400,40,23
fresh-40-24,StirVegetables,StirVegetables,composite_seen,1986102924,1986102924,1986102924,2400,40,24
fresh-40-25,StirVegetables,StirVegetables,composite_seen,1986102925,1986102925,1986102925,2400,40,25
fresh-40-26,StirVegetables,StirVegetables,composite_seen,1986102926,1986102926,1986102926,2400,40,26
fresh-40-27,StirVegetables,StirVegetables,composite_seen,1986102927,1986102927,1986102927,2400,40,27
fresh-40-28,StirVegetables,StirVegetables,composite_seen,1986102928,1986102928,1986102928,2400,40,28
fresh-40-29,StirVegetables,StirVegetables,composite_seen,1986102929,1986102929,1986102929,2400,40,29
fresh-40-30,StirVegetables,StirVegetables,composite_seen,1986102930,1986102930,1986102930,2400,40,30
fresh-40-31,StirVegetables,StirVegetables,composite_seen,1986102931,1986102931,1986102931,2400,40,31
fresh-40-32,StirVegetables,StirVegetables,composite_seen,1986102932,1986102932,1986102932,2400,40,32
fresh-40-33,StirVegetables,StirVegetables,composite_seen,1986102933,1986102933,1986102933,2400,40,33
fresh-40-34,StirVegetables,StirVegetables,composite_seen,1986102934,1986102934,1986102934,2400,40,34
fresh-40-35,StirVegetables,StirVegetables,composite_seen,1986102935,1986102935,1986102935,2400,40,35
fresh-40-36,StirVegetables,StirVegetables,composite_seen,1986102936,1986102936,1986102936,2400,40,36
fresh-40-37,StirVegetables,StirVegetables,composite_seen,1986102937,1986102937,1986102937,2400,40,37
fresh-40-38,StirVegetables,StirVegetables,composite_seen,1986102938,1986102938,1986102938,2400,40,38
fresh-40-39,StirVegetables,StirVegetables,composite_seen,1986102939,1986102939,1986102939,2400,40,39
fresh-40-40,StirVegetables,StirVegetables,composite_seen,1986102940,1986102940,1986102940,2400,40,40
fresh-40-41,StirVegetables,StirVegetables,composite_seen,1986102941,1986102941,1986102941,2400,40,41
fresh-40-42,StirVegetables,StirVegetables,composite_seen,1986102942,1986102942,1986102942,2400,40,42
fresh-40-43,StirVegetables,StirVegetables,composite_seen,1986102943,1986102943,1986102943,2400,40,43
fresh-40-44,StirVegetables,StirVegetables,composite_seen,1986102944,1986102944,1986102944,2400,40,44
fresh-40-45,StirVegetables,StirVegetables,composite_seen,1986102945,1986102945,1986102945,2400,40,45
fresh-40-46,StirVegetables,StirVegetables,composite_seen,1986102946,1986102946,1986102946,2400,40,46
fresh-40-47,StirVegetables,StirVegetables,composite_seen,1986102947,1986102947,1986102947,2400,40,47
fresh-40-48,StirVegetables,StirVegetables,composite_seen,1986102948,1986102948,1986102948,2400,40,48
fresh-40-49,StirVegetables,StirVegetables,composite_seen,1986102949,1986102949,1986102949,2400,40,49
fresh-41-00,StoreLeftoversInBowl,StoreLeftoversInBowl,composite_seen,1986102950,1986102950,1986102950,2550,41,0
fresh-41-01,StoreLeftoversInBowl,StoreLeftoversInBowl,composite_seen,1986102951,1986102951,1986102951,2550,41,1
fresh-41-02,StoreLeftoversInBowl,StoreLeftoversInBowl,composite_seen,1986102952,1986102952,1986102952,2550,41,2
fresh-41-03,StoreLeftoversInBowl,StoreLeftoversInBowl,composite_seen,1986102953,1986102953,1986102953,2550,41,3
fresh-41-04,StoreLeftoversInBowl,StoreLeftoversInBowl,composite_seen,1986102954,1986102954,1986102954,2550,41,4
fresh-41-05,StoreLeftoversInBowl,StoreLeftoversInBowl,composite_seen,1986102955,1986102955,1986102955,2550,41,5
fresh-41-06,StoreLeftoversInBowl,StoreLeftoversInBowl,composite_seen,1986102956,1986102956,1986102956,2550,41,6
fresh-41-07,StoreLeftoversInBowl,StoreLeftoversInBowl,composite_seen,1986102957,1986102957,1986102957,2550,41,7
fresh-41-08,StoreLeftoversInBowl,StoreLeftoversInBowl,composite_seen,1986102958,1986102958,1986102958,2550,41,8
fresh-41-09,StoreLeftoversInBowl,StoreLeftoversInBowl,composite_seen,1986102959,1986102959,1986102959,2550,41,9
fresh-41-10,StoreLeftoversInBowl,StoreLeftoversInBowl,composite_seen,1986102960,1986102960,1986102960,2550,41,10
fresh-41-11,StoreLeftoversInBowl,StoreLeftoversInBowl,composite_seen,1986102961,1986102961,1986102961,2550,41,11
fresh-41-12,StoreLeftoversInBowl,StoreLeftoversInBowl,composite_seen,1986102962,1986102962,1986102962,2550,41,12
fresh-41-13,StoreLeftoversInBowl,StoreLeftoversInBowl,composite_seen,1986102963,1986102963,1986102963,2550,41,13
fresh-41-14,StoreLeftoversInBowl,StoreLeftoversInBowl,composite_seen,1986102964,1986102964,1986102964,2550,41,14
fresh-41-15,StoreLeftoversInBowl,StoreLeftoversInBowl,composite_seen,1986102965,1986102965,1986102965,2550,41,15
fresh-41-16,StoreLeftoversInBowl,StoreLeftoversInBowl,composite_seen,1986102966,1986102966,1986102966,2550,41,16
fresh-41-17,StoreLeftoversInBowl,StoreLeftoversInBowl,composite_seen,1986102967,1986102967,1986102967,2550,41,17
fresh-41-18,StoreLeftoversInBowl,StoreLeftoversInBowl,composite_seen,1986102968,1986102968,1986102968,2550,41,18
fresh-41-19,StoreLeftoversInBowl,StoreLeftoversInBowl,composite_seen,1986102969,1986102969,1986102969,2550,41,19
fresh-41-20,StoreLeftoversInBowl,StoreLeftoversInBowl,composite_seen,1986102970,1986102970,1986102970,2550,41,20
fresh-41-21,StoreLeftoversInBowl,StoreLeftoversInBowl,composite_seen,1986102971,1986102971,1986102971,2550,41,21
fresh-41-22,StoreLeftoversInBowl,StoreLeftoversInBowl,composite_seen,1986102972,1986102972,1986102972,2550,41,22
fresh-41-23,StoreLeftoversInBowl,StoreLeftoversInBowl,composite_seen,1986102973,1986102973,1986102973,2550,41,23
fresh-41-24,StoreLeftoversInBowl,StoreLeftoversInBowl,composite_seen,1986102974,1986102974,1986102974,2550,41,24
fresh-41-25,StoreLeftoversInBowl,StoreLeftoversInBowl,composite_seen,1986102975,1986102975,1986102975,2550,41,25
fresh-41-26,StoreLeftoversInBowl,StoreLeftoversInBowl,composite_seen,1986102976,1986102976,1986102976,2550,41,26
fresh-41-27,StoreLeftoversInBowl,StoreLeftoversInBowl,composite_seen,1986102977,1986102977,1986102977,2550,41,27
fresh-41-28,StoreLeftoversInBowl,StoreLeftoversInBowl,composite_seen,1986102978,1986102978,1986102978,2550,41,28
fresh-41-29,StoreLeftoversInBowl,StoreLeftoversInBowl,composite_seen,1986102979,1986102979,1986102979,2550,41,29
fresh-41-30,StoreLeftoversInBowl,StoreLeftoversInBowl,composite_seen,1986102980,1986102980,1986102980,2550,41,30
fresh-41-31,StoreLeftoversInBowl,StoreLeftoversInBowl,composite_seen,1986102981,1986102981,1986102981,2550,41,31
fresh-41-32,StoreLeftoversInBowl,StoreLeftoversInBowl,composite_seen,1986102982,1986102982,1986102982,2550,41,32
fresh-41-33,StoreLeftoversInBowl,StoreLeftoversInBowl,composite_seen,1986102983,1986102983,1986102983,2550,41,33
fresh-41-34,StoreLeftoversInBowl,StoreLeftoversInBowl,composite_seen,1986102984,1986102984,1986102984,2550,41,34
fresh-41-35,StoreLeftoversInBowl,StoreLeftoversInBowl,composite_seen,1986102985,1986102985,1986102985,2550,41,35
fresh-41-36,StoreLeftoversInBowl,StoreLeftoversInBowl,composite_seen,1986102986,1986102986,1986102986,2550,41,36
fresh-41-37,StoreLeftoversInBowl,StoreLeftoversInBowl,composite_seen,1986102987,1986102987,1986102987,2550,41,37
fresh-41-38,StoreLeftoversInBowl,StoreLeftoversInBowl,composite_seen,1986102988,1986102988,1986102988,2550,41,38
fresh-41-39,StoreLeftoversInBowl,StoreLeftoversInBowl,composite_seen,1986102989,1986102989,1986102989,2550,41,39
fresh-41-40,StoreLeftoversInBowl,StoreLeftoversInBowl,composite_seen,1986102990,1986102990,1986102990,2550,41,40
fresh-41-41,StoreLeftoversInBowl,StoreLeftoversInBowl,composite_seen,1986102991,1986102991,1986102991,2550,41,41
fresh-41-42,StoreLeftoversInBowl,StoreLeftoversInBowl,composite_seen,1986102992,1986102992,1986102992,2550,41,42
fresh-41-43,StoreLeftoversInBowl,StoreLeftoversInBowl,composite_seen,1986102993,1986102993,1986102993,2550,41,43
fresh-41-44,StoreLeftoversInBowl,StoreLeftoversInBowl,composite_seen,1986102994,1986102994,1986102994,2550,41,44
fresh-41-45,StoreLeftoversInBowl,StoreLeftoversInBowl,composite_seen,1986102995,1986102995,1986102995,2550,41,45
fresh-41-46,StoreLeftoversInBowl,StoreLeftoversInBowl,composite_seen,1986102996,1986102996,1986102996,2550,41,46
fresh-41-47,StoreLeftoversInBowl,StoreLeftoversInBowl,composite_seen,1986102997,1986102997,1986102997,2550,41,47
fresh-41-48,StoreLeftoversInBowl,StoreLeftoversInBowl,composite_seen,1986102998,1986102998,1986102998,2550,41,48
fresh-41-49,StoreLeftoversInBowl,StoreLeftoversInBowl,composite_seen,1986102999,1986102999,1986102999,2550,41,49
fresh-42-00,TurnOffStove,TurnOffStove,atomic_seen,1986103000,1986103000,1986103000,750,42,0
fresh-42-01,TurnOffStove,TurnOffStove,atomic_seen,1986103001,1986103001,1986103001,750,42,1
fresh-42-02,TurnOffStove,TurnOffStove,atomic_seen,1986103002,1986103002,1986103002,750,42,2
fresh-42-03,TurnOffStove,TurnOffStove,atomic_seen,1986103003,1986103003,1986103003,750,42,3
fresh-42-04,TurnOffStove,TurnOffStove,atomic_seen,1986103004,1986103004,1986103004,750,42,4
fresh-42-05,TurnOffStove,TurnOffStove,atomic_seen,1986103005,1986103005,1986103005,750,42,5
fresh-42-06,TurnOffStove,TurnOffStove,atomic_seen,1986103006,1986103006,1986103006,750,42,6
fresh-42-07,TurnOffStove,TurnOffStove,atomic_seen,1986103007,1986103007,1986103007,750,42,7
fresh-42-08,TurnOffStove,TurnOffStove,atomic_seen,1986103008,1986103008,1986103008,750,42,8
fresh-42-09,TurnOffStove,TurnOffStove,atomic_seen,1986103009,1986103009,1986103009,750,42,9
fresh-42-10,TurnOffStove,TurnOffStove,atomic_seen,1986103010,1986103010,1986103010,750,42,10
fresh-42-11,TurnOffStove,TurnOffStove,atomic_seen,1986103011,1986103011,1986103011,750,42,11
fresh-42-12,TurnOffStove,TurnOffStove,atomic_seen,1986103012,1986103012,1986103012,750,42,12
fresh-42-13,TurnOffStove,TurnOffStove,atomic_seen,1986103013,1986103013,1986103013,750,42,13
fresh-42-14,TurnOffStove,TurnOffStove,atomic_seen,1986103014,1986103014,1986103014,750,42,14
fresh-42-15,TurnOffStove,TurnOffStove,atomic_seen,1986103015,1986103015,1986103015,750,42,15
fresh-42-16,TurnOffStove,TurnOffStove,atomic_seen,1986103016,1986103016,1986103016,750,42,16
fresh-42-17,TurnOffStove,TurnOffStove,atomic_seen,1986103017,1986103017,1986103017,750,42,17
fresh-42-18,TurnOffStove,TurnOffStove,atomic_seen,1986103018,1986103018,1986103018,750,42,18
fresh-42-19,TurnOffStove,TurnOffStove,atomic_seen,1986103019,1986103019,1986103019,750,42,19
fresh-42-20,TurnOffStove,TurnOffStove,atomic_seen,1986103020,1986103020,1986103020,750,42,20
fresh-42-21,TurnOffStove,TurnOffStove,atomic_seen,1986103021,1986103021,1986103021,750,42,21
fresh-42-22,TurnOffStove,TurnOffStove,atomic_seen,1986103022,1986103022,1986103022,750,42,22
fresh-42-23,TurnOffStove,TurnOffStove,atomic_seen,1986103023,1986103023,1986103023,750,42,23
fresh-42-24,TurnOffStove,TurnOffStove,atomic_seen,1986103024,1986103024,1986103024,750,42,24
fresh-42-25,TurnOffStove,TurnOffStove,atomic_seen,1986103025,1986103025,1986103025,750,42,25
fresh-42-26,TurnOffStove,TurnOffStove,atomic_seen,1986103026,1986103026,1986103026,750,42,26
fresh-42-27,TurnOffStove,TurnOffStove,atomic_seen,1986103027,1986103027,1986103027,750,42,27
fresh-42-28,TurnOffStove,TurnOffStove,atomic_seen,1986103028,1986103028,1986103028,750,42,28
fresh-42-29,TurnOffStove,TurnOffStove,atomic_seen,1986103029,1986103029,1986103029,750,42,29
fresh-42-30,TurnOffStove,TurnOffStove,atomic_seen,1986103030,1986103030,1986103030,750,42,30
fresh-42-31,TurnOffStove,TurnOffStove,atomic_seen,1986103031,1986103031,1986103031,750,42,31
fresh-42-32,TurnOffStove,TurnOffStove,atomic_seen,1986103032,1986103032,1986103032,750,42,32
fresh-42-33,TurnOffStove,TurnOffStove,atomic_seen,1986103033,1986103033,1986103033,750,42,33
fresh-42-34,TurnOffStove,TurnOffStove,atomic_seen,1986103034,1986103034,1986103034,750,42,34
fresh-42-35,TurnOffStove,TurnOffStove,atomic_seen,1986103035,1986103035,1986103035,750,42,35
fresh-42-36,TurnOffStove,TurnOffStove,atomic_seen,1986103036,1986103036,1986103036,750,42,36
fresh-42-37,TurnOffStove,TurnOffStove,atomic_seen,1986103037,1986103037,1986103037,750,42,37
fresh-42-38,TurnOffStove,TurnOffStove,atomic_seen,1986103038,1986103038,1986103038,750,42,38
fresh-42-39,TurnOffStove,TurnOffStove,atomic_seen,1986103039,1986103039,1986103039,750,42,39
fresh-42-40,TurnOffStove,TurnOffStove,atomic_seen,1986103040,1986103040,1986103040,750,42,40
fresh-42-41,TurnOffStove,TurnOffStove,atomic_seen,1986103041,1986103041,1986103041,750,42,41
fresh-42-42,TurnOffStove,TurnOffStove,atomic_seen,1986103042,1986103042,1986103042,750,42,42
fresh-42-43,TurnOffStove,TurnOffStove,atomic_seen,1986103043,1986103043,1986103043,750,42,43
fresh-42-44,TurnOffStove,TurnOffStove,atomic_seen,1986103044,1986103044,1986103044,750,42,44
fresh-42-45,TurnOffStove,TurnOffStove,atomic_seen,1986103045,1986103045,1986103045,750,42,45
fresh-42-46,TurnOffStove,TurnOffStove,atomic_seen,1986103046,1986103046,1986103046,750,42,46
fresh-42-47,TurnOffStove,TurnOffStove,atomic_seen,1986103047,1986103047,1986103047,750,42,47
fresh-42-48,TurnOffStove,TurnOffStove,atomic_seen,1986103048,1986103048,1986103048,750,42,48
fresh-42-49,TurnOffStove,TurnOffStove,atomic_seen,1986103049,1986103049,1986103049,750,42,49
fresh-43-00,TurnOnElectricKettle,TurnOnElectricKettle,atomic_seen,1986103050,1986103050,1986103050,450,43,0
fresh-43-01,TurnOnElectricKettle,TurnOnElectricKettle,atomic_seen,1986103051,1986103051,1986103051,450,43,1
fresh-43-02,TurnOnElectricKettle,TurnOnElectricKettle,atomic_seen,1986103052,1986103052,1986103052,450,43,2
fresh-43-03,TurnOnElectricKettle,TurnOnElectricKettle,atomic_seen,1986103053,1986103053,1986103053,450,43,3
fresh-43-04,TurnOnElectricKettle,TurnOnElectricKettle,atomic_seen,1986103054,1986103054,1986103054,450,43,4
fresh-43-05,TurnOnElectricKettle,TurnOnElectricKettle,atomic_seen,1986103055,1986103055,1986103055,450,43,5
fresh-43-06,TurnOnElectricKettle,TurnOnElectricKettle,atomic_seen,1986103056,1986103056,1986103056,450,43,6
fresh-43-07,TurnOnElectricKettle,TurnOnElectricKettle,atomic_seen,1986103057,1986103057,1986103057,450,43,7
fresh-43-08,TurnOnElectricKettle,TurnOnElectricKettle,atomic_seen,1986103058,1986103058,1986103058,450,43,8
fresh-43-09,TurnOnElectricKettle,TurnOnElectricKettle,atomic_seen,1986103059,1986103059,1986103059,450,43,9
fresh-43-10,TurnOnElectricKettle,TurnOnElectricKettle,atomic_seen,1986103060,1986103060,1986103060,450,43,10
fresh-43-11,TurnOnElectricKettle,TurnOnElectricKettle,atomic_seen,1986103061,1986103061,1986103061,450,43,11
fresh-43-12,TurnOnElectricKettle,TurnOnElectricKettle,atomic_seen,1986103062,1986103062,1986103062,450,43,12
fresh-43-13,TurnOnElectricKettle,TurnOnElectricKettle,atomic_seen,1986103063,1986103063,1986103063,450,43,13
fresh-43-14,TurnOnElectricKettle,TurnOnElectricKettle,atomic_seen,1986103064,1986103064,1986103064,450,43,14
fresh-43-15,TurnOnElectricKettle,TurnOnElectricKettle,atomic_seen,1986103065,1986103065,1986103065,450,43,15
fresh-43-16,TurnOnElectricKettle,TurnOnElectricKettle,atomic_seen,1986103066,1986103066,1986103066,450,43,16
fresh-43-17,TurnOnElectricKettle,TurnOnElectricKettle,atomic_seen,1986103067,1986103067,1986103067,450,43,17
fresh-43-18,TurnOnElectricKettle,TurnOnElectricKettle,atomic_seen,1986103068,1986103068,1986103068,450,43,18
fresh-43-19,TurnOnElectricKettle,TurnOnElectricKettle,atomic_seen,1986103069,1986103069,1986103069,450,43,19
fresh-43-20,TurnOnElectricKettle,TurnOnElectricKettle,atomic_seen,1986103070,1986103070,1986103070,450,43,20
fresh-43-21,TurnOnElectricKettle,TurnOnElectricKettle,atomic_seen,1986103071,1986103071,1986103071,450,43,21
fresh-43-22,TurnOnElectricKettle,TurnOnElectricKettle,atomic_seen,1986103072,1986103072,1986103072,450,43,22
fresh-43-23,TurnOnElectricKettle,TurnOnElectricKettle,atomic_seen,1986103073,1986103073,1986103073,450,43,23
fresh-43-24,TurnOnElectricKettle,TurnOnElectricKettle,atomic_seen,1986103074,1986103074,1986103074,450,43,24
fresh-43-25,TurnOnElectricKettle,TurnOnElectricKettle,atomic_seen,1986103075,1986103075,1986103075,450,43,25
fresh-43-26,TurnOnElectricKettle,TurnOnElectricKettle,atomic_seen,1986103076,1986103076,1986103076,450,43,26
fresh-43-27,TurnOnElectricKettle,TurnOnElectricKettle,atomic_seen,1986103077,1986103077,1986103077,450,43,27
fresh-43-28,TurnOnElectricKettle,TurnOnElectricKettle,atomic_seen,1986103078,1986103078,1986103078,450,43,28
fresh-43-29,TurnOnElectricKettle,TurnOnElectricKettle,atomic_seen,1986103079,1986103079,1986103079,450,43,29
fresh-43-30,TurnOnElectricKettle,TurnOnElectricKettle,atomic_seen,1986103080,1986103080,1986103080,450,43,30
fresh-43-31,TurnOnElectricKettle,TurnOnElectricKettle,atomic_seen,1986103081,1986103081,1986103081,450,43,31
fresh-43-32,TurnOnElectricKettle,TurnOnElectricKettle,atomic_seen,1986103082,1986103082,1986103082,450,43,32
fresh-43-33,TurnOnElectricKettle,TurnOnElectricKettle,atomic_seen,1986103083,1986103083,1986103083,450,43,33
fresh-43-34,TurnOnElectricKettle,TurnOnElectricKettle,atomic_seen,1986103084,1986103084,1986103084,450,43,34
fresh-43-35,TurnOnElectricKettle,TurnOnElectricKettle,atomic_seen,1986103085,1986103085,1986103085,450,43,35
fresh-43-36,TurnOnElectricKettle,TurnOnElectricKettle,atomic_seen,1986103086,1986103086,1986103086,450,43,36
fresh-43-37,TurnOnElectricKettle,TurnOnElectricKettle,atomic_seen,1986103087,1986103087,1986103087,450,43,37
fresh-43-38,TurnOnElectricKettle,TurnOnElectricKettle,atomic_seen,1986103088,1986103088,1986103088,450,43,38
fresh-43-39,TurnOnElectricKettle,TurnOnElectricKettle,atomic_seen,1986103089,1986103089,1986103089,450,43,39
fresh-43-40,TurnOnElectricKettle,TurnOnElectricKettle,atomic_seen,1986103090,1986103090,1986103090,450,43,40
fresh-43-41,TurnOnElectricKettle,TurnOnElectricKettle,atomic_seen,1986103091,1986103091,1986103091,450,43,41
fresh-43-42,TurnOnElectricKettle,TurnOnElectricKettle,atomic_seen,1986103092,1986103092,1986103092,450,43,42
fresh-43-43,TurnOnElectricKettle,TurnOnElectricKettle,atomic_seen,1986103093,1986103093,1986103093,450,43,43
fresh-43-44,TurnOnElectricKettle,TurnOnElectricKettle,atomic_seen,1986103094,1986103094,1986103094,450,43,44
fresh-43-45,TurnOnElectricKettle,TurnOnElectricKettle,atomic_seen,1986103095,1986103095,1986103095,450,43,45
fresh-43-46,TurnOnElectricKettle,TurnOnElectricKettle,atomic_seen,1986103096,1986103096,1986103096,450,43,46
fresh-43-47,TurnOnElectricKettle,TurnOnElectricKettle,atomic_seen,1986103097,1986103097,1986103097,450,43,47
fresh-43-48,TurnOnElectricKettle,TurnOnElectricKettle,atomic_seen,1986103098,1986103098,1986103098,450,43,48
fresh-43-49,TurnOnElectricKettle,TurnOnElectricKettle,atomic_seen,1986103099,1986103099,1986103099,450,43,49
fresh-44-00,TurnOnMicrowave,TurnOnMicrowave,atomic_seen,1986103100,1986103100,1986103100,450,44,0
fresh-44-01,TurnOnMicrowave,TurnOnMicrowave,atomic_seen,1986103101,1986103101,1986103101,450,44,1
fresh-44-02,TurnOnMicrowave,TurnOnMicrowave,atomic_seen,1986103102,1986103102,1986103102,450,44,2
fresh-44-03,TurnOnMicrowave,TurnOnMicrowave,atomic_seen,1986103103,1986103103,1986103103,450,44,3
fresh-44-04,TurnOnMicrowave,TurnOnMicrowave,atomic_seen,1986103104,1986103104,1986103104,450,44,4
fresh-44-05,TurnOnMicrowave,TurnOnMicrowave,atomic_seen,1986103105,1986103105,1986103105,450,44,5
fresh-44-06,TurnOnMicrowave,TurnOnMicrowave,atomic_seen,1986103106,1986103106,1986103106,450,44,6
fresh-44-07,TurnOnMicrowave,TurnOnMicrowave,atomic_seen,1986103107,1986103107,1986103107,450,44,7
fresh-44-08,TurnOnMicrowave,TurnOnMicrowave,atomic_seen,1986103108,1986103108,1986103108,450,44,8
fresh-44-09,TurnOnMicrowave,TurnOnMicrowave,atomic_seen,1986103109,1986103109,1986103109,450,44,9
fresh-44-10,TurnOnMicrowave,TurnOnMicrowave,atomic_seen,1986103110,1986103110,1986103110,450,44,10
fresh-44-11,TurnOnMicrowave,TurnOnMicrowave,atomic_seen,1986103111,1986103111,1986103111,450,44,11
fresh-44-12,TurnOnMicrowave,TurnOnMicrowave,atomic_seen,1986103112,1986103112,1986103112,450,44,12
fresh-44-13,TurnOnMicrowave,TurnOnMicrowave,atomic_seen,1986103113,1986103113,1986103113,450,44,13
fresh-44-14,TurnOnMicrowave,TurnOnMicrowave,atomic_seen,1986103114,1986103114,1986103114,450,44,14
fresh-44-15,TurnOnMicrowave,TurnOnMicrowave,atomic_seen,1986103115,1986103115,1986103115,450,44,15
fresh-44-16,TurnOnMicrowave,TurnOnMicrowave,atomic_seen,1986103116,1986103116,1986103116,450,44,16
fresh-44-17,TurnOnMicrowave,TurnOnMicrowave,atomic_seen,1986103117,1986103117,1986103117,450,44,17
fresh-44-18,TurnOnMicrowave,TurnOnMicrowave,atomic_seen,1986103118,1986103118,1986103118,450,44,18
fresh-44-19,TurnOnMicrowave,TurnOnMicrowave,atomic_seen,1986103119,1986103119,1986103119,450,44,19
fresh-44-20,TurnOnMicrowave,TurnOnMicrowave,atomic_seen,1986103120,1986103120,1986103120,450,44,20
fresh-44-21,TurnOnMicrowave,TurnOnMicrowave,atomic_seen,1986103121,1986103121,1986103121,450,44,21
fresh-44-22,TurnOnMicrowave,TurnOnMicrowave,atomic_seen,1986103122,1986103122,1986103122,450,44,22
fresh-44-23,TurnOnMicrowave,TurnOnMicrowave,atomic_seen,1986103123,1986103123,1986103123,450,44,23
fresh-44-24,TurnOnMicrowave,TurnOnMicrowave,atomic_seen,1986103124,1986103124,1986103124,450,44,24
fresh-44-25,TurnOnMicrowave,TurnOnMicrowave,atomic_seen,1986103125,1986103125,1986103125,450,44,25
fresh-44-26,TurnOnMicrowave,TurnOnMicrowave,atomic_seen,1986103126,1986103126,1986103126,450,44,26
fresh-44-27,TurnOnMicrowave,TurnOnMicrowave,atomic_seen,1986103127,1986103127,1986103127,450,44,27
fresh-44-28,TurnOnMicrowave,TurnOnMicrowave,atomic_seen,1986103128,1986103128,1986103128,450,44,28
fresh-44-29,TurnOnMicrowave,TurnOnMicrowave,atomic_seen,1986103129,1986103129,1986103129,450,44,29
fresh-44-30,TurnOnMicrowave,TurnOnMicrowave,atomic_seen,1986103130,1986103130,1986103130,450,44,30
fresh-44-31,TurnOnMicrowave,TurnOnMicrowave,atomic_seen,1986103131,1986103131,1986103131,450,44,31
fresh-44-32,TurnOnMicrowave,TurnOnMicrowave,atomic_seen,1986103132,1986103132,1986103132,450,44,32
fresh-44-33,TurnOnMicrowave,TurnOnMicrowave,atomic_seen,1986103133,1986103133,1986103133,450,44,33
fresh-44-34,TurnOnMicrowave,TurnOnMicrowave,atomic_seen,1986103134,1986103134,1986103134,450,44,34
fresh-44-35,TurnOnMicrowave,TurnOnMicrowave,atomic_seen,1986103135,1986103135,1986103135,450,44,35
fresh-44-36,TurnOnMicrowave,TurnOnMicrowave,atomic_seen,1986103136,1986103136,1986103136,450,44,36
fresh-44-37,TurnOnMicrowave,TurnOnMicrowave,atomic_seen,1986103137,1986103137,1986103137,450,44,37
fresh-44-38,TurnOnMicrowave,TurnOnMicrowave,atomic_seen,1986103138,1986103138,1986103138,450,44,38
fresh-44-39,TurnOnMicrowave,TurnOnMicrowave,atomic_seen,1986103139,1986103139,1986103139,450,44,39
fresh-44-40,TurnOnMicrowave,TurnOnMicrowave,atomic_seen,1986103140,1986103140,1986103140,450,44,40
fresh-44-41,TurnOnMicrowave,TurnOnMicrowave,atomic_seen,1986103141,1986103141,1986103141,450,44,41
fresh-44-42,TurnOnMicrowave,TurnOnMicrowave,atomic_seen,1986103142,1986103142,1986103142,450,44,42
fresh-44-43,TurnOnMicrowave,TurnOnMicrowave,atomic_seen,1986103143,1986103143,1986103143,450,44,43
fresh-44-44,TurnOnMicrowave,TurnOnMicrowave,atomic_seen,1986103144,1986103144,1986103144,450,44,44
fresh-44-45,TurnOnMicrowave,TurnOnMicrowave,atomic_seen,1986103145,1986103145,1986103145,450,44,45
fresh-44-46,TurnOnMicrowave,TurnOnMicrowave,atomic_seen,1986103146,1986103146,1986103146,450,44,46
fresh-44-47,TurnOnMicrowave,TurnOnMicrowave,atomic_seen,1986103147,1986103147,1986103147,450,44,47
fresh-44-48,TurnOnMicrowave,TurnOnMicrowave,atomic_seen,1986103148,1986103148,1986103148,450,44,48
fresh-44-49,TurnOnMicrowave,TurnOnMicrowave,atomic_seen,1986103149,1986103149,1986103149,450,44,49
fresh-45-00,TurnOnSinkFaucet,TurnOnSinkFaucet,atomic_seen,1986103150,1986103150,1986103150,600,45,0
fresh-45-01,TurnOnSinkFaucet,TurnOnSinkFaucet,atomic_seen,1986103151,1986103151,1986103151,600,45,1
fresh-45-02,TurnOnSinkFaucet,TurnOnSinkFaucet,atomic_seen,1986103152,1986103152,1986103152,600,45,2
fresh-45-03,TurnOnSinkFaucet,TurnOnSinkFaucet,atomic_seen,1986103153,1986103153,1986103153,600,45,3
fresh-45-04,TurnOnSinkFaucet,TurnOnSinkFaucet,atomic_seen,1986103154,1986103154,1986103154,600,45,4
fresh-45-05,TurnOnSinkFaucet,TurnOnSinkFaucet,atomic_seen,1986103155,1986103155,1986103155,600,45,5
fresh-45-06,TurnOnSinkFaucet,TurnOnSinkFaucet,atomic_seen,1986103156,1986103156,1986103156,600,45,6
fresh-45-07,TurnOnSinkFaucet,TurnOnSinkFaucet,atomic_seen,1986103157,1986103157,1986103157,600,45,7
fresh-45-08,TurnOnSinkFaucet,TurnOnSinkFaucet,atomic_seen,1986103158,1986103158,1986103158,600,45,8
fresh-45-09,TurnOnSinkFaucet,TurnOnSinkFaucet,atomic_seen,1986103159,1986103159,1986103159,600,45,9
fresh-45-10,TurnOnSinkFaucet,TurnOnSinkFaucet,atomic_seen,1986103160,1986103160,1986103160,600,45,10
fresh-45-11,TurnOnSinkFaucet,TurnOnSinkFaucet,atomic_seen,1986103161,1986103161,1986103161,600,45,11
fresh-45-12,TurnOnSinkFaucet,TurnOnSinkFaucet,atomic_seen,1986103162,1986103162,1986103162,600,45,12
fresh-45-13,TurnOnSinkFaucet,TurnOnSinkFaucet,atomic_seen,1986103163,1986103163,1986103163,600,45,13
fresh-45-14,TurnOnSinkFaucet,TurnOnSinkFaucet,atomic_seen,1986103164,1986103164,1986103164,600,45,14
fresh-45-15,TurnOnSinkFaucet,TurnOnSinkFaucet,atomic_seen,1986103165,1986103165,1986103165,600,45,15
fresh-45-16,TurnOnSinkFaucet,TurnOnSinkFaucet,atomic_seen,1986103166,1986103166,1986103166,600,45,16
fresh-45-17,TurnOnSinkFaucet,TurnOnSinkFaucet,atomic_seen,1986103167,1986103167,1986103167,600,45,17
fresh-45-18,TurnOnSinkFaucet,TurnOnSinkFaucet,atomic_seen,1986103168,1986103168,1986103168,600,45,18
fresh-45-19,TurnOnSinkFaucet,TurnOnSinkFaucet,atomic_seen,1986103169,1986103169,1986103169,600,45,19
fresh-45-20,TurnOnSinkFaucet,TurnOnSinkFaucet,atomic_seen,1986103170,1986103170,1986103170,600,45,20
fresh-45-21,TurnOnSinkFaucet,TurnOnSinkFaucet,atomic_seen,1986103171,1986103171,1986103171,600,45,21
fresh-45-22,TurnOnSinkFaucet,TurnOnSinkFaucet,atomic_seen,1986103172,1986103172,1986103172,600,45,22
fresh-45-23,TurnOnSinkFaucet,TurnOnSinkFaucet,atomic_seen,1986103173,1986103173,1986103173,600,45,23
fresh-45-24,TurnOnSinkFaucet,TurnOnSinkFaucet,atomic_seen,1986103174,1986103174,1986103174,600,45,24
fresh-45-25,TurnOnSinkFaucet,TurnOnSinkFaucet,atomic_seen,1986103175,1986103175,1986103175,600,45,25
fresh-45-26,TurnOnSinkFaucet,TurnOnSinkFaucet,atomic_seen,1986103176,1986103176,1986103176,600,45,26
fresh-45-27,TurnOnSinkFaucet,TurnOnSinkFaucet,atomic_seen,1986103177,1986103177,1986103177,600,45,27
fresh-45-28,TurnOnSinkFaucet,TurnOnSinkFaucet,atomic_seen,1986103178,1986103178,1986103178,600,45,28
fresh-45-29,TurnOnSinkFaucet,TurnOnSinkFaucet,atomic_seen,1986103179,1986103179,1986103179,600,45,29
fresh-45-30,TurnOnSinkFaucet,TurnOnSinkFaucet,atomic_seen,1986103180,1986103180,1986103180,600,45,30
fresh-45-31,TurnOnSinkFaucet,TurnOnSinkFaucet,atomic_seen,1986103181,1986103181,1986103181,600,45,31
fresh-45-32,TurnOnSinkFaucet,TurnOnSinkFaucet,atomic_seen,1986103182,1986103182,1986103182,600,45,32
fresh-45-33,TurnOnSinkFaucet,TurnOnSinkFaucet,atomic_seen,1986103183,1986103183,1986103183,600,45,33
fresh-45-34,TurnOnSinkFaucet,TurnOnSinkFaucet,atomic_seen,1986103184,1986103184,1986103184,600,45,34
fresh-45-35,TurnOnSinkFaucet,TurnOnSinkFaucet,atomic_seen,1986103185,1986103185,1986103185,600,45,35
fresh-45-36,TurnOnSinkFaucet,TurnOnSinkFaucet,atomic_seen,1986103186,1986103186,1986103186,600,45,36
fresh-45-37,TurnOnSinkFaucet,TurnOnSinkFaucet,atomic_seen,1986103187,1986103187,1986103187,600,45,37
fresh-45-38,TurnOnSinkFaucet,TurnOnSinkFaucet,atomic_seen,1986103188,1986103188,1986103188,600,45,38
fresh-45-39,TurnOnSinkFaucet,TurnOnSinkFaucet,atomic_seen,1986103189,1986103189,1986103189,600,45,39
fresh-45-40,TurnOnSinkFaucet,TurnOnSinkFaucet,atomic_seen,1986103190,1986103190,1986103190,600,45,40
fresh-45-41,TurnOnSinkFaucet,TurnOnSinkFaucet,atomic_seen,1986103191,1986103191,1986103191,600,45,41
fresh-45-42,TurnOnSinkFaucet,TurnOnSinkFaucet,atomic_seen,1986103192,1986103192,1986103192,600,45,42
fresh-45-43,TurnOnSinkFaucet,TurnOnSinkFaucet,atomic_seen,1986103193,1986103193,1986103193,600,45,43
fresh-45-44,TurnOnSinkFaucet,TurnOnSinkFaucet,atomic_seen,1986103194,1986103194,1986103194,600,45,44
fresh-45-45,TurnOnSinkFaucet,TurnOnSinkFaucet,atomic_seen,1986103195,1986103195,1986103195,600,45,45
fresh-45-46,TurnOnSinkFaucet,TurnOnSinkFaucet,atomic_seen,1986103196,1986103196,1986103196,600,45,46
fresh-45-47,TurnOnSinkFaucet,TurnOnSinkFaucet,atomic_seen,1986103197,1986103197,1986103197,600,45,47
fresh-45-48,TurnOnSinkFaucet,TurnOnSinkFaucet,atomic_seen,1986103198,1986103198,1986103198,600,45,48
fresh-45-49,TurnOnSinkFaucet,TurnOnSinkFaucet,atomic_seen,1986103199,1986103199,1986103199,600,45,49
fresh-46-00,WaffleReheat,WaffleReheat,composite_unseen,1986103200,1986103200,1986103200,4050,46,0
fresh-46-01,WaffleReheat,WaffleReheat,composite_unseen,1986103201,1986103201,1986103201,4050,46,1
fresh-46-02,WaffleReheat,WaffleReheat,composite_unseen,1986103202,1986103202,1986103202,4050,46,2
fresh-46-03,WaffleReheat,WaffleReheat,composite_unseen,1986103203,1986103203,1986103203,4050,46,3
fresh-46-04,WaffleReheat,WaffleReheat,composite_unseen,1986103204,1986103204,1986103204,4050,46,4
fresh-46-05,WaffleReheat,WaffleReheat,composite_unseen,1986103205,1986103205,1986103205,4050,46,5
fresh-46-06,WaffleReheat,WaffleReheat,composite_unseen,1986103206,1986103206,1986103206,4050,46,6
fresh-46-07,WaffleReheat,WaffleReheat,composite_unseen,1986103207,1986103207,1986103207,4050,46,7
fresh-46-08,WaffleReheat,WaffleReheat,composite_unseen,1986103208,1986103208,1986103208,4050,46,8
fresh-46-09,WaffleReheat,WaffleReheat,composite_unseen,1986103209,1986103209,1986103209,4050,46,9
fresh-46-10,WaffleReheat,WaffleReheat,composite_unseen,1986103210,1986103210,1986103210,4050,46,10
fresh-46-11,WaffleReheat,WaffleReheat,composite_unseen,1986103211,1986103211,1986103211,4050,46,11
fresh-46-12,WaffleReheat,WaffleReheat,composite_unseen,1986103212,1986103212,1986103212,4050,46,12
fresh-46-13,WaffleReheat,WaffleReheat,composite_unseen,1986103213,1986103213,1986103213,4050,46,13
fresh-46-14,WaffleReheat,WaffleReheat,composite_unseen,1986103214,1986103214,1986103214,4050,46,14
fresh-46-15,WaffleReheat,WaffleReheat,composite_unseen,1986103215,1986103215,1986103215,4050,46,15
fresh-46-16,WaffleReheat,WaffleReheat,composite_unseen,1986103216,1986103216,1986103216,4050,46,16
fresh-46-17,WaffleReheat,WaffleReheat,composite_unseen,1986103217,1986103217,1986103217,4050,46,17
fresh-46-18,WaffleReheat,WaffleReheat,composite_unseen,1986103218,1986103218,1986103218,4050,46,18
fresh-46-19,WaffleReheat,WaffleReheat,composite_unseen,1986103219,1986103219,1986103219,4050,46,19
fresh-46-20,WaffleReheat,WaffleReheat,composite_unseen,1986103220,1986103220,1986103220,4050,46,20
fresh-46-21,WaffleReheat,WaffleReheat,composite_unseen,1986103221,1986103221,1986103221,4050,46,21
fresh-46-22,WaffleReheat,WaffleReheat,composite_unseen,1986103222,1986103222,1986103222,4050,46,22
fresh-46-23,WaffleReheat,WaffleReheat,composite_unseen,1986103223,1986103223,1986103223,4050,46,23
fresh-46-24,WaffleReheat,WaffleReheat,composite_unseen,1986103224,1986103224,1986103224,4050,46,24
fresh-46-25,WaffleReheat,WaffleReheat,composite_unseen,1986103225,1986103225,1986103225,4050,46,25
fresh-46-26,WaffleReheat,WaffleReheat,composite_unseen,1986103226,1986103226,1986103226,4050,46,26
fresh-46-27,WaffleReheat,WaffleReheat,composite_unseen,1986103227,1986103227,1986103227,4050,46,27
fresh-46-28,WaffleReheat,WaffleReheat,composite_unseen,1986103228,1986103228,1986103228,4050,46,28
fresh-46-29,WaffleReheat,WaffleReheat,composite_unseen,1986103229,1986103229,1986103229,4050,46,29
fresh-46-30,WaffleReheat,WaffleReheat,composite_unseen,1986103230,1986103230,1986103230,4050,46,30
fresh-46-31,WaffleReheat,WaffleReheat,composite_unseen,1986103231,1986103231,1986103231,4050,46,31
fresh-46-32,WaffleReheat,WaffleReheat,composite_unseen,1986103232,1986103232,1986103232,4050,46,32
fresh-46-33,WaffleReheat,WaffleReheat,composite_unseen,1986103233,1986103233,1986103233,4050,46,33
fresh-46-34,WaffleReheat,WaffleReheat,composite_unseen,1986103234,1986103234,1986103234,4050,46,34
fresh-46-35,WaffleReheat,WaffleReheat,composite_unseen,1986103235,1986103235,1986103235,4050,46,35
fresh-46-36,WaffleReheat,WaffleReheat,composite_unseen,1986103236,1986103236,1986103236,4050,46,36
fresh-46-37,WaffleReheat,WaffleReheat,composite_unseen,1986103237,1986103237,1986103237,4050,46,37
fresh-46-38,WaffleReheat,WaffleReheat,composite_unseen,1986103238,1986103238,1986103238,4050,46,38
fresh-46-39,WaffleReheat,WaffleReheat,composite_unseen,1986103239,1986103239,1986103239,4050,46,39
fresh-46-40,WaffleReheat,WaffleReheat,composite_unseen,1986103240,1986103240,1986103240,4050,46,40
fresh-46-41,WaffleReheat,WaffleReheat,composite_unseen,1986103241,1986103241,1986103241,4050,46,41
fresh-46-42,WaffleReheat,WaffleReheat,composite_unseen,1986103242,1986103242,1986103242,4050,46,42
fresh-46-43,WaffleReheat,WaffleReheat,composite_unseen,1986103243,1986103243,1986103243,4050,46,43
fresh-46-44,WaffleReheat,WaffleReheat,composite_unseen,1986103244,1986103244,1986103244,4050,46,44
fresh-46-45,WaffleReheat,WaffleReheat,composite_unseen,1986103245,1986103245,1986103245,4050,46,45
fresh-46-46,WaffleReheat,WaffleReheat,composite_unseen,1986103246,1986103246,1986103246,4050,46,46
fresh-46-47,WaffleReheat,WaffleReheat,composite_unseen,1986103247,1986103247,1986103247,4050,46,47
fresh-46-48,WaffleReheat,WaffleReheat,composite_unseen,1986103248,1986103248,1986103248,4050,46,48
fresh-46-49,WaffleReheat,WaffleReheat,composite_unseen,1986103249,1986103249,1986103249,4050,46,49
fresh-47-00,WashFruitColander,WashFruitColander,composite_unseen,1986103250,1986103250,1986103250,3150,47,0
fresh-47-01,WashFruitColander,WashFruitColander,composite_unseen,1986103251,1986103251,1986103251,3150,47,1
fresh-47-02,WashFruitColander,WashFruitColander,composite_unseen,1986103252,1986103252,1986103252,3150,47,2
fresh-47-03,WashFruitColander,WashFruitColander,composite_unseen,1986103253,1986103253,1986103253,3150,47,3
fresh-47-04,WashFruitColander,WashFruitColander,composite_unseen,1986103254,1986103254,1986103254,3150,47,4
fresh-47-05,WashFruitColander,WashFruitColander,composite_unseen,1986103255,1986103255,1986103255,3150,47,5
fresh-47-06,WashFruitColander,WashFruitColander,composite_unseen,1986103256,1986103256,1986103256,3150,47,6
fresh-47-07,WashFruitColander,WashFruitColander,composite_unseen,1986103257,1986103257,1986103257,3150,47,7
fresh-47-08,WashFruitColander,WashFruitColander,composite_unseen,1986103258,1986103258,1986103258,3150,47,8
fresh-47-09,WashFruitColander,WashFruitColander,composite_unseen,1986103259,1986103259,1986103259,3150,47,9
fresh-47-10,WashFruitColander,WashFruitColander,composite_unseen,1986103260,1986103260,1986103260,3150,47,10
fresh-47-11,WashFruitColander,WashFruitColander,composite_unseen,1986103261,1986103261,1986103261,3150,47,11
fresh-47-12,WashFruitColander,WashFruitColander,composite_unseen,1986103262,1986103262,1986103262,3150,47,12
fresh-47-13,WashFruitColander,WashFruitColander,composite_unseen,1986103263,1986103263,1986103263,3150,47,13
fresh-47-14,WashFruitColander,WashFruitColander,composite_unseen,1986103264,1986103264,1986103264,3150,47,14
fresh-47-15,WashFruitColander,WashFruitColander,composite_unseen,1986103265,1986103265,1986103265,3150,47,15
fresh-47-16,WashFruitColander,WashFruitColander,composite_unseen,1986103266,1986103266,1986103266,3150,47,16
fresh-47-17,WashFruitColander,WashFruitColander,composite_unseen,1986103267,1986103267,1986103267,3150,47,17
fresh-47-18,WashFruitColander,WashFruitColander,composite_unseen,1986103268,1986103268,1986103268,3150,47,18
fresh-47-19,WashFruitColander,WashFruitColander,composite_unseen,1986103269,1986103269,1986103269,3150,47,19
fresh-47-20,WashFruitColander,WashFruitColander,composite_unseen,1986103270,1986103270,1986103270,3150,47,20
fresh-47-21,WashFruitColander,WashFruitColander,composite_unseen,1986103271,1986103271,1986103271,3150,47,21
fresh-47-22,WashFruitColander,WashFruitColander,composite_unseen,1986103272,1986103272,1986103272,3150,47,22
fresh-47-23,WashFruitColander,WashFruitColander,composite_unseen,1986103273,1986103273,1986103273,3150,47,23
fresh-47-24,WashFruitColander,WashFruitColander,composite_unseen,1986103274,1986103274,1986103274,3150,47,24
fresh-47-25,WashFruitColander,WashFruitColander,composite_unseen,1986103275,1986103275,1986103275,3150,47,25
fresh-47-26,WashFruitColander,WashFruitColander,composite_unseen,1986103276,1986103276,1986103276,3150,47,26
fresh-47-27,WashFruitColander,WashFruitColander,composite_unseen,1986103277,1986103277,1986103277,3150,47,27
fresh-47-28,WashFruitColander,WashFruitColander,composite_unseen,1986103278,1986103278,1986103278,3150,47,28
fresh-47-29,WashFruitColander,WashFruitColander,composite_unseen,1986103279,1986103279,1986103279,3150,47,29
fresh-47-30,WashFruitColander,WashFruitColander,composite_unseen,1986103280,1986103280,1986103280,3150,47,30
fresh-47-31,WashFruitColander,WashFruitColander,composite_unseen,1986103281,1986103281,1986103281,3150,47,31
fresh-47-32,WashFruitColander,WashFruitColander,composite_unseen,1986103282,1986103282,1986103282,3150,47,32
fresh-47-33,WashFruitColander,WashFruitColander,composite_unseen,1986103283,1986103283,1986103283,3150,47,33
fresh-47-34,WashFruitColander,WashFruitColander,composite_unseen,1986103284,1986103284,1986103284,3150,47,34
fresh-47-35,WashFruitColander,WashFruitColander,composite_unseen,1986103285,1986103285,1986103285,3150,47,35
fresh-47-36,WashFruitColander,WashFruitColander,composite_unseen,1986103286,1986103286,1986103286,3150,47,36
fresh-47-37,WashFruitColander,WashFruitColander,composite_unseen,1986103287,1986103287,1986103287,3150,47,37
fresh-47-38,WashFruitColander,WashFruitColander,composite_unseen,1986103288,1986103288,1986103288,3150,47,38
fresh-47-39,WashFruitColander,WashFruitColander,composite_unseen,1986103289,1986103289,1986103289,3150,47,39
fresh-47-40,WashFruitColander,WashFruitColander,composite_unseen,1986103290,1986103290,1986103290,3150,47,40
fresh-47-41,WashFruitColander,WashFruitColander,composite_unseen,1986103291,1986103291,1986103291,3150,47,41
fresh-47-42,WashFruitColander,WashFruitColander,composite_unseen,1986103292,1986103292,1986103292,3150,47,42
fresh-47-43,WashFruitColander,WashFruitColander,composite_unseen,1986103293,1986103293,1986103293,3150,47,43
fresh-47-44,WashFruitColander,WashFruitColander,composite_unseen,1986103294,1986103294,1986103294,3150,47,44
fresh-47-45,WashFruitColander,WashFruitColander,composite_unseen,1986103295,1986103295,1986103295,3150,47,45
fresh-47-46,WashFruitColander,WashFruitColander,composite_unseen,1986103296,1986103296,1986103296,3150,47,46
fresh-47-47,WashFruitColander,WashFruitColander,composite_unseen,1986103297,1986103297,1986103297,3150,47,47
fresh-47-48,WashFruitColander,WashFruitColander,composite_unseen,1986103298,1986103298,1986103298,3150,47,48
fresh-47-49,WashFruitColander,WashFruitColander,composite_unseen,1986103299,1986103299,1986103299,3150,47,49
fresh-48-00,WashLettuce,WashLettuce,composite_seen,1986103300,1986103300,1986103300,1650,48,0
fresh-48-01,WashLettuce,WashLettuce,composite_seen,1986103301,1986103301,1986103301,1650,48,1
fresh-48-02,WashLettuce,WashLettuce,composite_seen,1986103302,1986103302,1986103302,1650,48,2
fresh-48-03,WashLettuce,WashLettuce,composite_seen,1986103303,1986103303,1986103303,1650,48,3
fresh-48-04,WashLettuce,WashLettuce,composite_seen,1986103304,1986103304,1986103304,1650,48,4
fresh-48-05,WashLettuce,WashLettuce,composite_seen,1986103305,1986103305,1986103305,1650,48,5
fresh-48-06,WashLettuce,WashLettuce,composite_seen,1986103306,1986103306,1986103306,1650,48,6
fresh-48-07,WashLettuce,WashLettuce,composite_seen,1986103307,1986103307,1986103307,1650,48,7
fresh-48-08,WashLettuce,WashLettuce,composite_seen,1986103308,1986103308,1986103308,1650,48,8
fresh-48-09,WashLettuce,WashLettuce,composite_seen,1986103309,1986103309,1986103309,1650,48,9
fresh-48-10,WashLettuce,WashLettuce,composite_seen,1986103310,1986103310,1986103310,1650,48,10
fresh-48-11,WashLettuce,WashLettuce,composite_seen,1986103311,1986103311,1986103311,1650,48,11
fresh-48-12,WashLettuce,WashLettuce,composite_seen,1986103312,1986103312,1986103312,1650,48,12
fresh-48-13,WashLettuce,WashLettuce,composite_seen,1986103313,1986103313,1986103313,1650,48,13
fresh-48-14,WashLettuce,WashLettuce,composite_seen,1986103314,1986103314,1986103314,1650,48,14
fresh-48-15,WashLettuce,WashLettuce,composite_seen,1986103315,1986103315,1986103315,1650,48,15
fresh-48-16,WashLettuce,WashLettuce,composite_seen,1986103316,1986103316,1986103316,1650,48,16
fresh-48-17,WashLettuce,WashLettuce,composite_seen,1986103317,1986103317,1986103317,1650,48,17
fresh-48-18,WashLettuce,WashLettuce,composite_seen,1986103318,1986103318,1986103318,1650,48,18
fresh-48-19,WashLettuce,WashLettuce,composite_seen,1986103319,1986103319,1986103319,1650,48,19
fresh-48-20,WashLettuce,WashLettuce,composite_seen,1986103320,1986103320,1986103320,1650,48,20
fresh-48-21,WashLettuce,WashLettuce,composite_seen,1986103321,1986103321,1986103321,1650,48,21
fresh-48-22,WashLettuce,WashLettuce,composite_seen,1986103322,1986103322,1986103322,1650,48,22
fresh-48-23,WashLettuce,WashLettuce,composite_seen,1986103323,1986103323,1986103323,1650,48,23
fresh-48-24,WashLettuce,WashLettuce,composite_seen,1986103324,1986103324,1986103324,1650,48,24
fresh-48-25,WashLettuce,WashLettuce,composite_seen,1986103325,1986103325,1986103325,1650,48,25
fresh-48-26,WashLettuce,WashLettuce,composite_seen,1986103326,1986103326,1986103326,1650,48,26
fresh-48-27,WashLettuce,WashLettuce,composite_seen,1986103327,1986103327,1986103327,1650,48,27
fresh-48-28,WashLettuce,WashLettuce,composite_seen,1986103328,1986103328,1986103328,1650,48,28
fresh-48-29,WashLettuce,WashLettuce,composite_seen,1986103329,1986103329,1986103329,1650,48,29
fresh-48-30,WashLettuce,WashLettuce,composite_seen,1986103330,1986103330,1986103330,1650,48,30
fresh-48-31,WashLettuce,WashLettuce,composite_seen,1986103331,1986103331,1986103331,1650,48,31
fresh-48-32,WashLettuce,WashLettuce,composite_seen,1986103332,1986103332,1986103332,1650,48,32
fresh-48-33,WashLettuce,WashLettuce,composite_seen,1986103333,1986103333,1986103333,1650,48,33
fresh-48-34,WashLettuce,WashLettuce,composite_seen,1986103334,1986103334,1986103334,1650,48,34
fresh-48-35,WashLettuce,WashLettuce,composite_seen,1986103335,1986103335,1986103335,1650,48,35
fresh-48-36,WashLettuce,WashLettuce,composite_seen,1986103336,1986103336,1986103336,1650,48,36
fresh-48-37,WashLettuce,WashLettuce,composite_seen,1986103337,1986103337,1986103337,1650,48,37
fresh-48-38,WashLettuce,WashLettuce,composite_seen,1986103338,1986103338,1986103338,1650,48,38
fresh-48-39,WashLettuce,WashLettuce,composite_seen,1986103339,1986103339,1986103339,1650,48,39
fresh-48-40,WashLettuce,WashLettuce,composite_seen,1986103340,1986103340,1986103340,1650,48,40
fresh-48-41,WashLettuce,WashLettuce,composite_seen,1986103341,1986103341,1986103341,1650,48,41
fresh-48-42,WashLettuce,WashLettuce,composite_seen,1986103342,1986103342,1986103342,1650,48,42
fresh-48-43,WashLettuce,WashLettuce,composite_seen,1986103343,1986103343,1986103343,1650,48,43
fresh-48-44,WashLettuce,WashLettuce,composite_seen,1986103344,1986103344,1986103344,1650,48,44
fresh-48-45,WashLettuce,WashLettuce,composite_seen,1986103345,1986103345,1986103345,1650,48,45
fresh-48-46,WashLettuce,WashLettuce,composite_seen,1986103346,1986103346,1986103346,1650,48,46
fresh-48-47,WashLettuce,WashLettuce,composite_seen,1986103347,1986103347,1986103347,1650,48,47
fresh-48-48,WashLettuce,WashLettuce,composite_seen,1986103348,1986103348,1986103348,1650,48,48
fresh-48-49,WashLettuce,WashLettuce,composite_seen,1986103349,1986103349,1986103349,1650,48,49
fresh-49-00,WeighIngredients,WeighIngredients,composite_unseen,1986103350,1986103350,1986103350,3000,49,0
fresh-49-01,WeighIngredients,WeighIngredients,composite_unseen,1986103351,1986103351,1986103351,3000,49,1
fresh-49-02,WeighIngredients,WeighIngredients,composite_unseen,1986103352,1986103352,1986103352,3000,49,2
fresh-49-03,WeighIngredients,WeighIngredients,composite_unseen,1986103353,1986103353,1986103353,3000,49,3
fresh-49-04,WeighIngredients,WeighIngredients,composite_unseen,1986103354,1986103354,1986103354,3000,49,4
fresh-49-05,WeighIngredients,WeighIngredients,composite_unseen,1986103355,1986103355,1986103355,3000,49,5
fresh-49-06,WeighIngredients,WeighIngredients,composite_unseen,1986103356,1986103356,1986103356,3000,49,6
fresh-49-07,WeighIngredients,WeighIngredients,composite_unseen,1986103357,1986103357,1986103357,3000,49,7
fresh-49-08,WeighIngredients,WeighIngredients,composite_unseen,1986103358,1986103358,1986103358,3000,49,8
fresh-49-09,WeighIngredients,WeighIngredients,composite_unseen,1986103359,1986103359,1986103359,3000,49,9
fresh-49-10,WeighIngredients,WeighIngredients,composite_unseen,1986103360,1986103360,1986103360,3000,49,10
fresh-49-11,WeighIngredients,WeighIngredients,composite_unseen,1986103361,1986103361,1986103361,3000,49,11
fresh-49-12,WeighIngredients,WeighIngredients,composite_unseen,1986103362,1986103362,1986103362,3000,49,12
fresh-49-13,WeighIngredients,WeighIngredients,composite_unseen,1986103363,1986103363,1986103363,3000,49,13
fresh-49-14,WeighIngredients,WeighIngredients,composite_unseen,1986103364,1986103364,1986103364,3000,49,14
fresh-49-15,WeighIngredients,WeighIngredients,composite_unseen,1986103365,1986103365,1986103365,3000,49,15
fresh-49-16,WeighIngredients,WeighIngredients,composite_unseen,1986103366,1986103366,1986103366,3000,49,16
fresh-49-17,WeighIngredients,WeighIngredients,composite_unseen,1986103367,1986103367,1986103367,3000,49,17
fresh-49-18,WeighIngredients,WeighIngredients,composite_unseen,1986103368,1986103368,1986103368,3000,49,18
fresh-49-19,WeighIngredients,WeighIngredients,composite_unseen,1986103369,1986103369,1986103369,3000,49,19
fresh-49-20,WeighIngredients,WeighIngredients,composite_unseen,1986103370,1986103370,1986103370,3000,49,20
fresh-49-21,WeighIngredients,WeighIngredients,composite_unseen,1986103371,1986103371,1986103371,3000,49,21
fresh-49-22,WeighIngredients,WeighIngredients,composite_unseen,1986103372,1986103372,1986103372,3000,49,22
fresh-49-23,WeighIngredients,WeighIngredients,composite_unseen,1986103373,1986103373,1986103373,3000,49,23
fresh-49-24,WeighIngredients,WeighIngredients,composite_unseen,1986103374,1986103374,1986103374,3000,49,24
fresh-49-25,WeighIngredients,WeighIngredients,composite_unseen,1986103375,1986103375,1986103375,3000,49,25
fresh-49-26,WeighIngredients,WeighIngredients,composite_unseen,1986103376,1986103376,1986103376,3000,49,26
fresh-49-27,WeighIngredients,WeighIngredients,composite_unseen,1986103377,1986103377,1986103377,3000,49,27
fresh-49-28,WeighIngredients,WeighIngredients,composite_unseen,1986103378,1986103378,1986103378,3000,49,28
fresh-49-29,WeighIngredients,WeighIngredients,composite_unseen,1986103379,1986103379,1986103379,3000,49,29
fresh-49-30,WeighIngredients,WeighIngredients,composite_unseen,1986103380,1986103380,1986103380,3000,49,30
fresh-49-31,WeighIngredients,WeighIngredients,composite_unseen,1986103381,1986103381,1986103381,3000,49,31
fresh-49-32,WeighIngredients,WeighIngredients,composite_unseen,1986103382,1986103382,1986103382,3000,49,32
fresh-49-33,WeighIngredients,WeighIngredients,composite_unseen,1986103383,1986103383,1986103383,3000,49,33
fresh-49-34,WeighIngredients,WeighIngredients,composite_unseen,1986103384,1986103384,1986103384,3000,49,34
fresh-49-35,WeighIngredients,WeighIngredients,composite_unseen,1986103385,1986103385,1986103385,3000,49,35
fresh-49-36,WeighIngredients,WeighIngredients,composite_unseen,1986103386,1986103386,1986103386,3000,49,36
fresh-49-37,WeighIngredients,WeighIngredients,composite_unseen,1986103387,1986103387,1986103387,3000,49,37
fresh-49-38,WeighIngredients,WeighIngredients,composite_unseen,1986103388,1986103388,1986103388,3000,49,38
fresh-49-39,WeighIngredients,WeighIngredients,composite_unseen,1986103389,1986103389,1986103389,3000,49,39
fresh-49-40,WeighIngredients,WeighIngredients,composite_unseen,1986103390,1986103390,1986103390,3000,49,40
fresh-49-41,WeighIngredients,WeighIngredients,composite_unseen,1986103391,1986103391,1986103391,3000,49,41
fresh-49-42,WeighIngredients,WeighIngredients,composite_unseen,1986103392,1986103392,1986103392,3000,49,42
fresh-49-43,WeighIngredients,WeighIngredients,composite_unseen,1986103393,1986103393,1986103393,3000,49,43
fresh-49-44,WeighIngredients,WeighIngredients,composite_unseen,1986103394,1986103394,1986103394,3000,49,44
fresh-49-45,WeighIngredients,WeighIngredients,composite_unseen,1986103395,1986103395,1986103395,3000,49,45
fresh-49-46,WeighIngredients,WeighIngredients,composite_unseen,1986103396,1986103396,1986103396,3000,49,46
fresh-49-47,WeighIngredients,WeighIngredients,composite_unseen,1986103397,1986103397,1986103397,3000,49,47
fresh-49-48,WeighIngredients,WeighIngredients,composite_unseen,1986103398,1986103398,1986103398,3000,49,48
fresh-49-49,WeighIngredients,WeighIngredients,composite_unseen,1986103399,1986103399,1986103399,3000,49,49
